index,Unnamed: 0,Artist Name,Track Name,Popularity,Genres,Playlist,danceability,energy,key,loudness,mode,speechiness,acousticness,instrumentalness,liveness,valence,tempo,id,uri,track_href,analysis_url,duration_ms,time_signature,cluster
6,6,The Antlers,Sylvia,39,"['art pop', 'brooklyn indie', 'chamber pop', 'indie rock', 'melancholia', 'stomp and holler']",ğ–‘ğ–†ğ–˜ğ–™ ğ–œğ–”ğ–—ğ–‰ğ–˜,0.32247191011235954,0.7533245355801441,4,-8.063,1,0.04617779315115878,0.6244974151416115,0.8111675126903554,0.3021732008299661,0.22163175992497655,0.3541524846834581,62DvXEwnUpB6zx854BT0UA,spotify:track:62DvXEwnUpB6zx854BT0UA,https://api.spotify.com/v1/tracks/62DvXEwnUpB6zx854BT0UA,https://api.spotify.com/v1/audio-analysis/62DvXEwnUpB6zx854BT0UA,327107,4,0
27,27,The Microphones,(Something),37,"['alternative rock', 'anti-folk', 'indie rock', 'lo-fi', 'lo-fi indie', 'noise pop', 'olympia wa indie']",ï½”ï½’ï½ï½‰ï½ã€€ï½ï½†ã€€ï½”ï½ˆï½ï½•ï½‡ï½ˆï½”ã€€ã£ã§ã‚«,0.08764044943820223,0.017866206476499846,10,-34.003,0,0.016949152542372878,0.7489955983566922,0.9451776649746193,0.10014196789341487,0.08085860164634781,0.2834309053778081,3IguXbB3fBcTrFKgMB75x7,spotify:track:3IguXbB3fBcTrFKgMB75x7,https://api.spotify.com/v1/tracks/3IguXbB3fBcTrFKgMB75x7,https://api.spotify.com/v1/audio-analysis/3IguXbB3fBcTrFKgMB75x7,98453,4,0
46,46,72-HOUR POST FIGHT,LOITER,17,['milan indie'],ï½ï½ï½ï½„ï½™ ï½…ï½ï½’ï½‡ï½ï½“ï½,0.6404494382022472,0.5452238351436403,5,-10.077,0,0.023694223452092704,0.4738947741556269,0.848730964467005,0.2290051326853773,0.31124309680108364,0.42234853641933284,6g3yRFyCZnbZcIcxifLUPY,spotify:track:6g3yRFyCZnbZcIcxifLUPY,https://api.spotify.com/v1/tracks/6g3yRFyCZnbZcIcxifLUPY,https://api.spotify.com/v1/audio-analysis/6g3yRFyCZnbZcIcxifLUPY,191978,4,0
59,59,The Mountain Goats,Dinu Lipatti's Bones,32,"['alternative rock', 'anti-folk', 'chamber pop', 'indie pop', 'indie rock', 'lo-fi', 'melancholia', 'new weird america', 'stomp and holler']",ã€ï»¿ï½ï½…ï½Œï½ï½ï½ƒï½ˆï½ï½Œï½‰ï½ã€‘,0.5730337078651685,0.21327783981321696,4,-16.813,1,0.02058111380145279,0.93473885557274,0.7715736040609137,0.13181172873211747,0.24455559028863183,0.5983866575901973,3fqz4dlR6hdqbRheLQj8x5,spotify:track:3fqz4dlR6hdqbRheLQj8x5,https://api.spotify.com/v1/tracks/3fqz4dlR6hdqbRheLQj8x5,https://api.spotify.com/v1/audio-analysis/3fqz4dlR6hdqbRheLQj8x5,198240,4,0
79,79,è‡ªæ±º 9 6,Not the Sad Yearning Because You Went Away,40,['mallsoft'],"ğ”¬ğ”«ğ”¢ ğ”¬ğ”£ ğ”±ğ”¥ğ”¬ğ”°ğ”¢ ğ”«ğ”¦ğ”¤ğ”¥ğ”±ğ”° ğ”ğ”¤ğ”ğ”¦ğ”«, ğ”¥ğ”²ğ”¥?",0.39325842696629215,0.5289818292559131,10,-10.021,0,0.016430300933932898,0.8955821689163839,0.9766497461928934,0.09795784645626296,0.1299364384703553,0.5580462899931926,4xoYVQj9EbGEm4WIbsoDQ2,spotify:track:4xoYVQj9EbGEm4WIbsoDQ2,https://api.spotify.com/v1/tracks/4xoYVQj9EbGEm4WIbsoDQ2,https://api.spotify.com/v1/audio-analysis/4xoYVQj9EbGEm4WIbsoDQ2,246857,3,0
82,82,John Maus,Hey Moon,48,"['art pop', 'baroque pop', 'chillwave', 'experimental pop']",ğ˜”ğ˜–ğ˜–ğ˜• ğ˜ ğ˜–ğ˜œ ğ˜˜ğ˜œğ˜Œğ˜Œğ˜•!!,0.5696629213483146,0.6365851182621054,0,-7.143,1,0.001556554825319953,0.7871482674064749,0.6426395939086295,0.07862837173746859,0.229967698239033,0.21545949625595645,2NJGAT43AvS7BQvn2017yS,spotify:track:2NJGAT43AvS7BQvn2017yS,https://api.spotify.com/v1/tracks/2NJGAT43AvS7BQvn2017yS,https://api.spotify.com/v1/audio-analysis/2NJGAT43AvS7BQvn2017yS,248707,4,0
113,113,Radiohead,Pyramid Song,60,"['alternative rock', 'art rock', 'melancholia', 'oxford indie', 'permanent wave', 'rock']",deal with reality,0.06067415730337078,0.3290021317632728,11,-8.298,0,0.019716361120719478,0.7891563026196214,0.4101522842639594,0.09904990717483891,0.050640825257893096,0.10017699115044248,55q3Ro66yXWi9rsEddeEN4,spotify:track:55q3Ro66yXWi9rsEddeEN4,https://api.spotify.com/v1/tracks/55q3Ro66yXWi9rsEddeEN4,https://api.spotify.com/v1/audio-analysis/55q3Ro66yXWi9rsEddeEN4,288733,4,0
116,116,The Smiths,Asleep - 2011 Remaster,63,"['madchester', 'new wave', 'permanent wave', 'rock', 'uk post-punk']","ğ”¬ğ”«ğ”¢ ğ”¬ğ”£ ğ”±ğ”¥ğ”¬ğ”°ğ”¢ ğ”«ğ”¦ğ”¤ğ”¥ğ”±ğ”° ğ”ğ”¤ğ”ğ”¦ğ”«, ğ”¥ğ”²ğ”¥?",0.501123595505618,0.24677697695665418,0,-15.867,1,0.009166378415773085,0.8835339576375051,0.5401015228426396,0.13727203232499724,0.20391789100760652,0.38951667801225326,7LZgdL0MxiElfaKZbuuE4l,spotify:track:7LZgdL0MxiElfaKZbuuE4l,https://api.spotify.com/v1/tracks/7LZgdL0MxiElfaKZbuuE4l,https://api.spotify.com/v1/audio-analysis/7LZgdL0MxiElfaKZbuuE4l,253560,3,0
124,124,Shiro SAGISU,Hedgehog's Dilemma,47,"['anime score', 'japanese soundtrack']",ï½”ï½’ï½ï½‰ï½ã€€ï½ï½†ã€€ï½”ï½ˆï½ï½•ï½‡ï½ˆï½”ã€€ã£ã§ã‚«,0.5483146067415732,0.10871992691097351,7,-20.872,0,0.010549982704946385,0.7590357744224244,0.7380710659898476,0.09140548214480723,0.27373137438782946,0.15029952348536418,2rk8hnBWF0zZDFIVoeE16O,spotify:track:2rk8hnBWF0zZDFIVoeE16O,https://api.spotify.com/v1/tracks/2rk8hnBWF0zZDFIVoeE16O,https://api.spotify.com/v1/audio-analysis/2rk8hnBWF0zZDFIVoeE16O,167307,4,0
145,145,ï¼’ï¼˜ï¼‘ï¼”,æ‚²å“€,37,"['cyberpunk', 'dreampunk', 'hardvapour', 'slushwave', 'vaporwave']",ï½”ï½’ï½ï½‰ï½ã€€ï½ï½†ã€€ï½”ï½ˆï½ï½•ï½‡ï½ˆï½”ã€€ã£ã§ã‚«,0.7056179775280899,0.5442087097756573,3,-13.901,0,0.007436873054306466,0.7550197039961315,0.915736040609137,0.142732335917877,0.9187246014379493,0.32755616065350585,7pNYDevPRpNiBewv99EdOq,spotify:track:7pNYDevPRpNiBewv99EdOq,https://api.spotify.com/v1/tracks/7pNYDevPRpNiBewv99EdOq,https://api.spotify.com/v1/audio-analysis/7pNYDevPRpNiBewv99EdOq,563600,4,0
152,152,Iosonouncane,Novembre,28,"['indie folk italiano', 'italian alternative', 'italian indie pop']",ğ¢ğ¥ ğ›ğğ¥ ğ©ğšğğ¬ğ,0.2539325842696629,0.2579433560044666,2,-11.027,1,0.011587685921826352,0.3684729254654377,0.631472081218274,0.06290269738997487,0.21329582161092006,0.7631041524846836,3JzX9qxJ0TPPURdrd2ZzCO,spotify:track:3JzX9qxJ0TPPURdrd2ZzCO,https://api.spotify.com/v1/tracks/3JzX9qxJ0TPPURdrd2ZzCO,https://api.spotify.com/v1/audio-analysis/3JzX9qxJ0TPPURdrd2ZzCO,300800,3,0
181,181,Slowdive,Dagger,56,"['alternative rock', 'art pop', 'dream pop', 'nu gaze', 'reading indie', 'rock', 'shoegaze']",may '22,0.4943820224719102,0.2031265861333875,8,-21.046,0,0.015046696644759598,0.6275094679613312,0.9319796954314721,0.10560227148629464,0.25601750547045954,0.6019809394145677,3MmRfG64qt04Efx9gK9Ec8,spotify:track:3MmRfG64qt04Efx9gK9Ec8,https://api.spotify.com/v1/tracks/3MmRfG64qt04Efx9gK9Ec8,https://api.spotify.com/v1/audio-analysis/3MmRfG64qt04Efx9gK9Ec8,218253,4,0
184,184,Chick Corea,Return To Forever,34,"['contemporary jazz', 'contemporary post-bop', 'ecm-style jazz', 'jazz', 'jazz fusion', 'jazz piano']",ï½ï½ï½ï½„ï½™ ï½…ï½ï½’ï½‡ï½ï½“ï½,0.30561797752808995,0.438635671505431,9,-17.216,0,0.03891387063299897,0.8303210244891238,0.42131979695431465,0.09358960358195914,0.1611962071480671,0.39682777399591557,6OFvrxUnXyMe5KcOpuGfr1,spotify:track:6OFvrxUnXyMe5KcOpuGfr1,https://api.spotify.com/v1/tracks/6OFvrxUnXyMe5KcOpuGfr1,https://api.spotify.com/v1/audio-analysis/6OFvrxUnXyMe5KcOpuGfr1,724667,4,0
188,188,Lord Folter,Rouge,11,"['german boom bap', 'german hip hop']",ğŸ†ğŸ…´ğŸ…°ğŸ…» ğŸ†ƒğŸ†ğŸ…°ğŸ…¿ğŸ…¿ğŸ…¸ğŸ…½',0.6449438202247192,0.20617196223733633,11,-7.929,1,0.9256312694569355,0.930722785146447,0.8284263959390862,0.08146772960576606,0.4498280712722726,0.16468345813478552,2IUrDroro39nzO33ELwLAB,spotify:track:2IUrDroro39nzO33ELwLAB,https://api.spotify.com/v1/tracks/2IUrDroro39nzO33ELwLAB,https://api.spotify.com/v1/audio-analysis/2IUrDroro39nzO33ELwLAB,157000,4,0
190,190,Lord Folter,Home Sweet Home - Instrumental,13,"['german boom bap', 'german hip hop']",ï½”ï½’ï½ï½‰ï½ã€€ï½ï½†ã€€ï½”ï½ˆï½ï½•ï½‡ï½ˆï½”ã€€ã£ã§ã‚«,0.8404494382022472,0.24880722769262004,1,-6.442,1,0.02282947077135939,0.5592362707143516,0.950253807106599,0.09358960358195914,0.5300614775450663,0.17758339006126617,2m39bWvAyj68HhlfNxhmE3,spotify:track:2m39bWvAyj68HhlfNxhmE3,https://api.spotify.com/v1/tracks/2m39bWvAyj68HhlfNxhmE3,https://api.spotify.com/v1/audio-analysis/2m39bWvAyj68HhlfNxhmE3,173198,4,0
193,193,Andrea Laszlo De Simone,Fiore mio,49,"['italian indie pop', 'turin indie']",ã€ï»¿ï½ï½…ï½Œï½ï½ï½ƒï½ˆï½ï½Œï½‰ï½ã€‘,0.48651685393258426,0.6568876256217643,0,-9.574,1,0.030612244897959183,0.80421656671822,0.9005076142131979,0.42557606202904874,0.4581640095863291,0.1636759700476515,45zv7JBhvnYHK6PMdEpxv8,spotify:track:45zv7JBhvnYHK6PMdEpxv8,https://api.spotify.com/v1/tracks/45zv7JBhvnYHK6PMdEpxv8,https://api.spotify.com/v1/audio-analysis/45zv7JBhvnYHK6PMdEpxv8,233732,4,0
198,198,Elliott Smith,Between The Bars,65,"['alternative rock', 'indie rock', 'melancholia', 'pop rock', 'rock', 'singer-songwriter']",deal with reality,0.5123595505617978,0.06303928535174094,7,-23.625,0,0.062262193012798346,0.9327308203595934,0.7766497461928934,0.09577372501911105,0.3362509117432531,0.526712049012934,52Bg6oaos7twR7IUtEpqcE,spotify:track:52Bg6oaos7twR7IUtEpqcE,https://api.spotify.com/v1/tracks/52Bg6oaos7twR7IUtEpqcE,https://api.spotify.com/v1/audio-analysis/52Bg6oaos7twR7IUtEpqcE,141280,3,0
226,226,I Tried to Run Away When I Was 6 (But Got Too Scared to Cross the Street),Why Would You Want To,13,"['lo-fi indie', 'small room']","ğ”¬ğ”«ğ”¢ ğ”¬ğ”£ ğ”±ğ”¥ğ”¬ğ”°ğ”¢ ğ”«ğ”¦ğ”¤ğ”¥ğ”±ğ”° ğ”ğ”¤ğ”ğ”¦ğ”«, ğ”¥ğ”²ğ”¥?",0.44719101123595517,0.05126383108313877,9,-19.165,0,0.1089588377723971,0.9467870668516186,0.5786802030456852,0.10341815004914273,0.0965926852141294,0.09663036078965281,02nKxzdrVRVaIV3z0JqiWM,spotify:track:02nKxzdrVRVaIV3z0JqiWM,https://api.spotify.com/v1/tracks/02nKxzdrVRVaIV3z0JqiWM,https://api.spotify.com/v1/audio-analysis/02nKxzdrVRVaIV3z0JqiWM,211096,3,0
231,231,72-HOUR POST FIGHT,72-HOUR OUTRO,4,['milan indie'],ï½ï½ï½ï½„ï½™ ï½…ï½ï½’ï½‡ï½ï½“ï½,0.16179775280898878,0.584813724494975,0,-14.197,0,0.09823590453130407,0.9397589436056061,0.8598984771573603,0.4091951512504095,0.21329582161092006,0.3357249829816202,7fH3XVEI3fCOkTaDoAp5rk,spotify:track:7fH3XVEI3fCOkTaDoAp5rk,https://api.spotify.com/v1/tracks/7fH3XVEI3fCOkTaDoAp5rk,https://api.spotify.com/v1/audio-analysis/7fH3XVEI3fCOkTaDoAp5rk,170861,5,0
234,234,Kurt Cobain,And I Love Her,64,"['acoustic rock', 'grunge', 'rock']",deal with reality,0.6179775280898877,0.27418536189219367,1,-15.317,1,0.016084399861639564,0.9869477711145479,0.8456852791878172,0.11979906082778202,0.4331561946441596,0.26353982300884954,7x4b0UccXSKBWxWmjcrG2T,spotify:track:7x4b0UccXSKBWxWmjcrG2T,https://api.spotify.com/v1/tracks/7x4b0UccXSKBWxWmjcrG2T,https://api.spotify.com/v1/audio-analysis/7x4b0UccXSKBWxWmjcrG2T,124933,4,0
235,235,salvia palth,i was all over her,76,"['indie pop', 'lo-fi emo', 'lo-fi indie', 'slowcore', 'small room']",ï½”ï½’ï½ï½‰ï½ã€€ï½ï½†ã€€ï½”ï½ˆï½ï½•ï½‡ï½ˆï½”ã€€ã£ã§ã‚«,0.5202247191011237,0.34625926301898285,7,-12.835,1,0.009339328951919752,0.7911643378327678,0.865989847715736,0.10451021076771869,0.04251328540168803,0.31744724302246424,7svpAkwc6xaSxlbZ7V7JiS,spotify:track:7svpAkwc6xaSxlbZ7V7JiS,https://api.spotify.com/v1/tracks/7svpAkwc6xaSxlbZ7V7JiS,https://api.spotify.com/v1/audio-analysis/7svpAkwc6xaSxlbZ7V7JiS,161463,4,0
292,292,Labrinth,Forever,74,"['indie poptimism', 'pop']",february '22,0.5584269662921348,0.45386255202517517,4,-7.781,0,0.009339328951919752,0.9236946619004344,0.7350253807106598,0.09795784645626296,0.18516202980097948,0.15016337644656236,6potEImiklXkwD9qFzpu15,spotify:track:6potEImiklXkwD9qFzpu15,https://api.spotify.com/v1/tracks/6potEImiklXkwD9qFzpu15,https://api.spotify.com/v1/audio-analysis/6potEImiklXkwD9qFzpu15,202536,4,0
300,300,Teen Suicide,"no, the moon",54,"['indie pop', 'lo-fi emo', 'lo-fi indie']",ğ˜”ğ˜–ğ˜–ğ˜• ğ˜ ğ˜–ğ˜œ ğ˜˜ğ˜œğ˜Œğ˜Œğ˜•!!,0.32696629213483147,0.2731702365242108,9,-12.809,0,0.012798339674852985,0.9979919647868535,0.8568527918781725,0.2759637435841433,0.20287589871834946,0.3375493533015657,5ZGzNhBC1sEtYtQ1b6Cy53,spotify:track:5ZGzNhBC1sEtYtQ1b6Cy53,https://api.spotify.com/v1/tracks/5ZGzNhBC1sEtYtQ1b6Cy53,https://api.spotify.com/v1/audio-analysis/5ZGzNhBC1sEtYtQ1b6Cy53,152170,4,0
304,304,Teen Suicide,"the same things happening to me all the time, even in my dreams",47,"['indie pop', 'lo-fi emo', 'lo-fi indie']",ï½”ï½’ï½ï½‰ï½ã€€ï½ï½†ã€€ï½”ï½ˆï½ï½•ï½‡ï½ˆï½”ã€€ã£ã§ã‚«,0.40337078651685393,0.5391330829357426,5,-7.371,0,0.010549982704946385,0.4919670910739451,0.748223350253807,0.10778639292344652,0.14765030738772533,0.6271545268890402,0p8n00s7ALvWfa2gvws4Rj,spotify:track:0p8n00s7ALvWfa2gvws4Rj,https://api.spotify.com/v1/tracks/0p8n00s7ALvWfa2gvws4Rj,https://api.spotify.com/v1/audio-analysis/0p8n00s7ALvWfa2gvws4Rj,291084,3,0
312,312,Radiohead,How to Disappear Completely,66,"['alternative rock', 'art rock', 'melancholia', 'oxford indie', 'permanent wave', 'rock']","ğ”¬ğ”«ğ”¢ ğ”¬ğ”£ ğ”±ğ”¥ğ”¬ğ”°ğ”¢ ğ”«ğ”¦ğ”¤ğ”¥ğ”±ğ”° ğ”ğ”¤ğ”ğ”¦ğ”«, ğ”¥ğ”²ğ”¥?",0.11348314606741575,0.2944878692518526,6,-11.644,0,0.018505707367692845,0.31726802753020295,0.8091370558375635,0.09795784645626296,0.17786808377618005,0.30021783526208307,2rtGaCAeYtmcIvuZsvgTf6,spotify:track:2rtGaCAeYtmcIvuZsvgTf6,https://api.spotify.com/v1/tracks/2rtGaCAeYtmcIvuZsvgTf6,https://api.spotify.com/v1/audio-analysis/2rtGaCAeYtmcIvuZsvgTf6,356333,4,0
364,364,Thundercat,King Of The Hill,44,['afrofuturism'],december '22,0.5370786516853934,0.45893817886508986,8,-11.273,0,0.015046696644759598,0.7419674751106795,0.7685279187817259,0.08365185104291797,0.1716161300406377,0.16431586113002045,4rnSq8xRLFKhd8Sh7r6h39,spotify:track:4rnSq8xRLFKhd8Sh7r6h39,https://api.spotify.com/v1/tracks/4rnSq8xRLFKhd8Sh7r6h39,https://api.spotify.com/v1/audio-analysis/4rnSq8xRLFKhd8Sh7r6h39,171533,4,0
370,370,Belle and Sebastian,A Space Boy Dream,28,"['alternative rock', 'anti-folk', 'art rock', 'baroque pop', 'chamber pop', 'indie pop', 'indie rock', 'melancholia', 'pop rock', 'scottish indie', 'scottish rock', 'singer-songwriter', 'twee pop']",space cowboy,0.601123595505618,0.4477717998172775,2,-19.44,1,0.10999654098927708,0.6244974151416115,0.7928934010152284,0.08365185104291797,0.18099406064395124,0.2251531654186521,7t6vycmAt1sv71cG8xGcOQ,spotify:track:7t6vycmAt1sv71cG8xGcOQ,https://api.spotify.com/v1/tracks/7t6vycmAt1sv71cG8xGcOQ,https://api.spotify.com/v1/audio-analysis/7t6vycmAt1sv71cG8xGcOQ,181787,4,0
374,374,salvia palth,(dream),72,"['indie pop', 'lo-fi emo', 'lo-fi indie', 'slowcore', 'small room']",ï½”ï½’ï½ï½‰ï½ã€€ï½ï½†ã€€ï½”ï½ˆï½ï½•ï½‡ï½ˆï½”ã€€ã£ã§ã‚«,0.29438202247191014,0.2934727438838697,0,-13.283,1,0.022137668626772737,0.9297187675398738,0.8375634517766496,0.10669433220487057,0.1539022611232677,0.6090810074880872,39iczvfNkZstM8KY8dNDFC,spotify:track:39iczvfNkZstM8KY8dNDFC,https://api.spotify.com/v1/tracks/39iczvfNkZstM8KY8dNDFC,https://api.spotify.com/v1/audio-analysis/39iczvfNkZstM8KY8dNDFC,84741,4,0
386,386,CASIOPEA,ãƒ†ã‚£ã‚¢ãƒ¼ã‚ºãƒ»ã‚ªãƒ–ãƒ»ã‚¶ãƒ»ã‚¹ã‚¿ãƒ¼,46,"['japanese jazz', 'japanese jazz fusion', 'jazz fusion']",ï½ï½ï½ï½„ï½™ ï½…ï½ï½’ï½‡ï½ï½“ï½,0.5955056179775281,0.3503197644909146,0,-12.447,0,0.012452438602559665,0.3092358866776171,0.6345177664974619,0.08255979032434202,0.0965926852141294,0.484499659632403,15DKVRxHhKqRmIE2L6G82h,spotify:track:15DKVRxHhKqRmIE2L6G82h,https://api.spotify.com/v1/tracks/15DKVRxHhKqRmIE2L6G82h,https://api.spotify.com/v1/audio-analysis/15DKVRxHhKqRmIE2L6G82h,272600,4,0
398,398,ï¼’ï¼˜ï¼‘ï¼”,ãƒ†ãƒ¬ãƒ‘ã‚·ãƒ¼,34,"['cyberpunk', 'dreampunk', 'hardvapour', 'slushwave', 'vaporwave']",ï½”ï½’ï½ï½‰ï½ã€€ï½ï½†ã€€ï½”ï½ˆï½ï½•ï½‡ï½ˆï½”ã€€ã£ã§ã‚«,0.0,0.45386255202517517,1,-18.112,1,0.1836734693877551,0.9327308203595934,0.950253807106599,0.13727203232499724,0.06762529957278315,0.05743362831858412,6YZPqO0y6yFXvPLJRecRfZ,spotify:track:6YZPqO0y6yFXvPLJRecRfZ,https://api.spotify.com/v1/tracks/6YZPqO0y6yFXvPLJRecRfZ,https://api.spotify.com/v1/audio-analysis/6YZPqO0y6yFXvPLJRecRfZ,608000,4,0
403,403,72-HOUR POST FIGHT,DEATH,16,['milan indie'],ï½ï½ï½ï½„ï½™ ï½…ï½ï½’ï½‡ï½ï½“ï½,0.5629213483146067,0.34524413765099987,7,-11.206,1,0.03666551366309235,0.6586340137651014,0.9421319796954315,0.22354482909249754,0.20808586016463476,0.4990401633764466,1UcX8n2sLUkEBryakswvVR,spotify:track:1UcX8n2sLUkEBryakswvVR,https://api.spotify.com/v1/tracks/1UcX8n2sLUkEBryakswvVR,https://api.spotify.com/v1/audio-analysis/1UcX8n2sLUkEBryakswvVR,115194,4,0
422,422,KIRINJI,killer tune kills me,52,"['city pop', 'classic city pop', 'j-rock', 'japanese r&b', 'shibuya-kei']",ï½“ï½ˆï½‰ï½‚ï½•ï½™ï½,0.8101123595505619,0.40818191046594254,1,-8.745,1,0.024386025596679357,0.4006014888757811,0.5959390862944162,0.13071966801354157,0.03053037407523184,0.32045609257998636,2JCdUwmGDO3SBkhwkfRaLr,spotify:track:2JCdUwmGDO3SBkhwkfRaLr,https://api.spotify.com/v1/tracks/2JCdUwmGDO3SBkhwkfRaLr,https://api.spotify.com/v1/audio-analysis/2JCdUwmGDO3SBkhwkfRaLr,250600,4,0
438,438,Brian Eno,Vanadium,14,"['ambient', 'art pop', 'art rock', 'compositional ambient', 'electronica', 'experimental', 'experimental ambient', 'fourth world', 'glam rock', 'minimalism', 'singer-songwriter']",ï½”ï½’ï½ï½‰ï½ã€€ï½ï½†ã€€ï½”ï½ˆï½ï½•ï½‡ï½ˆï½”ã€€ã£ã§ã‚«,0.46292134831460674,0.3503197644909146,0,-15.108,1,0.016949152542372878,0.6004009925838539,0.6852791878172589,0.13508791088784533,0.23413566739606123,0.2186044928522805,4W52BT1tq8uo88mR2cwwbt,spotify:track:4W52BT1tq8uo88mR2cwwbt,https://api.spotify.com/v1/tracks/4W52BT1tq8uo88mR2cwwbt,https://api.spotify.com/v1/audio-analysis/4W52BT1tq8uo88mR2cwwbt,116107,4,0
439,439,Brian Eno,An Ending (Ascent) - Remastered 2005,58,"['ambient', 'art pop', 'art rock', 'compositional ambient', 'electronica', 'experimental', 'experimental ambient', 'fourth world', 'glam rock', 'minimalism', 'singer-songwriter']","ğ”¬ğ”«ğ”¢ ğ”¬ğ”£ ğ”±ğ”¥ğ”¬ğ”°ğ”¢ ğ”«ğ”¦ğ”¤ğ”¥ğ”±ğ”° ğ”ğ”¤ğ”ğ”¦ğ”«, ğ”¥ğ”²ğ”¥?",0.21460674157303372,0.07989036646025785,8,-25.381,1,0.0799031476997579,0.9357428731793132,0.9999999999999999,0.06366713989297806,0.026883401062832137,0.06491490810074879,1vgSaC0BPlL6LEm4Xsx59J,spotify:track:1vgSaC0BPlL6LEm4Xsx59J,https://api.spotify.com/v1/tracks/1vgSaC0BPlL6LEm4Xsx59J,https://api.spotify.com/v1/audio-analysis/1vgSaC0BPlL6LEm4Xsx59J,266200,3,0
448,448,Radiohead,Nude,68,"['alternative rock', 'art rock', 'melancholia', 'oxford indie', 'permanent wave', 'rock']","ğ”¬ğ”«ğ”¢ ğ”¬ğ”£ ğ”±ğ”¥ğ”¬ğ”°ğ”¢ ğ”«ğ”¦ğ”¤ğ”¥ğ”±ğ”° ğ”ğ”¤ğ”ğ”¦ğ”«, ğ”¥ğ”²ğ”¥?",0.5056179775280899,0.3350928839711705,4,-9.785,1,0.017986855759252858,0.83534111252199,0.5878172588832487,0.07142077099486732,0.1539022611232677,0.4796051735874744,35YyxFpE0ZTOoqFx5bADW8,spotify:track:35YyxFpE0ZTOoqFx5bADW8,https://api.spotify.com/v1/tracks/35YyxFpE0ZTOoqFx5bADW8,https://api.spotify.com/v1/audio-analysis/35YyxFpE0ZTOoqFx5bADW8,255387,3,0
461,461,Lord Folter,Blauer Montag - Instrumental,4,"['german boom bap', 'german hip hop']",ï½”ï½’ï½ï½‰ï½ã€€ï½ï½†ã€€ï½”ï½ˆï½ï½•ï½‡ï½ˆï½”ã€€ã£ã§ã‚«,0.6775280898876406,0.26200385747639837,1,-8.507,1,0.051193358699411974,0.7640558624552907,0.631472081218274,0.10232608933056678,0.3664686881317078,0.1495575221238939,69hfrAyr9O7gmxVdbSXr8T,spotify:track:69hfrAyr9O7gmxVdbSXr8T,https://api.spotify.com/v1/tracks/69hfrAyr9O7gmxVdbSXr8T,https://api.spotify.com/v1/audio-analysis/69hfrAyr9O7gmxVdbSXr8T,203933,4,0
483,483,The Microphones,The Mansion,38,"['alternative rock', 'anti-folk', 'indie rock', 'lo-fi', 'lo-fi indie', 'noise pop', 'olympia wa indie']",ï½”ï½’ï½ï½‰ï½ã€€ï½ï½†ã€€ï½”ï½ˆï½ï½•ï½‡ï½ˆï½”ã€€ã£ã§ã‚«,0.13370786516853933,0.32189625418739215,10,-21.792,0,0.026807333102732624,0.7640558624552907,0.8446700507614212,0.10014196789341487,0.1841200375117224,0.15361470388019055,1uw3g2nfkilEC9Z3L6L4QK,spotify:track:1uw3g2nfkilEC9Z3L6L4QK,https://api.spotify.com/v1/tracks/1uw3g2nfkilEC9Z3L6L4QK,https://api.spotify.com/v1/audio-analysis/1uw3g2nfkilEC9Z3L6L4QK,232413,4,0
493,493,Loving,"A Long Slow Little Wave / Citizen, an Activity",46,"['indie garage rock', 'lo-fi indie', 'victoria bc indie']","ğ”¬ğ”«ğ”¢ ğ”¬ğ”£ ğ”±ğ”¥ğ”¬ğ”°ğ”¢ ğ”«ğ”¦ğ”¤ğ”¥ğ”±ğ”° ğ”ğ”¤ğ”ğ”¦ğ”«, ğ”¥ğ”²ğ”¥?",0.5741573033707865,0.4416810476093798,11,-9.709,0,0.006053268765133173,0.5070273551725435,0.9654822335025379,0.1645735502893961,0.23413566739606123,0.146072157930565,4pYVooJxUgXJmb4kIsPY2j,spotify:track:4pYVooJxUgXJmb4kIsPY2j,https://api.spotify.com/v1/tracks/4pYVooJxUgXJmb4kIsPY2j,https://api.spotify.com/v1/audio-analysis/4pYVooJxUgXJmb4kIsPY2j,153256,4,0
514,514,Jaco Pastorius,Donna Lee,42,"['electric bass', 'jazz', 'jazz funk', 'jazz fusion']",bassbassbassbassbass,0.5932584269662922,0.2345954725408588,8,-28.508,0,0.058976132826011766,0.9748995598356691,0.980710659898477,0.09904990717483891,0.7676357194956758,0.3438733832539142,1zWG5Jk6mcC1ewXlYYVaxC,spotify:track:1zWG5Jk6mcC1ewXlYYVaxC,https://api.spotify.com/v1/tracks/1zWG5Jk6mcC1ewXlYYVaxC,https://api.spotify.com/v1/audio-analysis/1zWG5Jk6mcC1ewXlYYVaxC,147200,3,0
517,517,Lord Folter,Liebe_Zeit - Instrumental,3,"['german boom bap', 'german hip hop']",ï½”ï½’ï½ï½‰ï½ã€€ï½ï½†ã€€ï½”ï½ˆï½ï½•ï½‡ï½ˆï½”ã€€ã£ã§ã‚«,0.5269662921348315,0.4416810476093798,8,-7.56,0,0.07488758215150468,0.5361438657631672,0.9279187817258883,0.08452549961777875,0.3935604876523914,0.5506535057862492,0DzwiPpBq52FSes3EJU5x8,spotify:track:0DzwiPpBq52FSes3EJU5x8,https://api.spotify.com/v1/tracks/0DzwiPpBq52FSes3EJU5x8,https://api.spotify.com/v1/audio-analysis/0DzwiPpBq52FSes3EJU5x8,182173,1,0
521,521,Radiohead,Bullet Proof ... I Wish I Was,59,"['alternative rock', 'art rock', 'melancholia', 'oxford indie', 'permanent wave', 'rock']",deal with reality,0.4314606741573034,0.35235001522688053,7,-13.559,1,0.008820477343479759,0.7791161265538891,0.6862944162436548,0.06006333952167741,0.06074815046368656,0.15650782845473116,5XuU9htN358NTMCcqRvfDV,spotify:track:5XuU9htN358NTMCcqRvfDV,https://api.spotify.com/v1/tracks/5XuU9htN358NTMCcqRvfDV,https://api.spotify.com/v1/audio-analysis/5XuU9htN358NTMCcqRvfDV,208733,4,0
539,539,Lord Folter,Wolke700 - Instrumental,2,"['german boom bap', 'german hip hop']",ï½”ï½’ï½ï½‰ï½ã€€ï½ï½†ã€€ï½”ï½ˆï½ï½•ï½‡ï½ˆï½”ã€€ã£ã§ã‚«,0.7022471910112359,0.18180895340574563,3,-12.625,1,0.04669664475959875,0.6044170630101469,0.5015228426395939,0.11979906082778202,0.11847452328852767,0.17771272974812796,3PQ2BPV4A9ODh4Zbmn6K3S,spotify:track:3PQ2BPV4A9ODh4Zbmn6K3S,https://api.spotify.com/v1/tracks/3PQ2BPV4A9ODh4Zbmn6K3S,https://api.spotify.com/v1/audio-analysis/3PQ2BPV4A9ODh4Zbmn6K3S,174293,4,0
545,545,Radiohead,All I Need,68,"['alternative rock', 'art rock', 'melancholia', 'oxford indie', 'permanent wave', 'rock']","ğ”¬ğ”«ğ”¢ ğ”¬ğ”£ ğ”±ğ”¥ğ”¬ğ”°ğ”¢ ğ”«ğ”¦ğ”¤ğ”¥ğ”±ğ”° ğ”ğ”¤ğ”ğ”¦ğ”«, ğ”¥ğ”²ğ”¥?",0.6786516853932585,0.47314993401685107,4,-8.689,0,0.020235212729159457,0.5331318129434476,0.4345177664974619,0.12853554657638966,0.08377618005626758,0.20483321987746766,5Qv2Nby1xTr9pQyjkrc94J,spotify:track:5Qv2Nby1xTr9pQyjkrc94J,https://api.spotify.com/v1/tracks/5Qv2Nby1xTr9pQyjkrc94J,https://api.spotify.com/v1/audio-analysis/5Qv2Nby1xTr9pQyjkrc94J,228747,4,0
608,608,Aphex Twin,Avril 14th,63,"['ambient', 'braindance', 'electronica', 'intelligent dance music', 'uk experimental electronic']",Ê·Ê°Ê¸ áµƒÊ³áµ‰ áµáµ’â¿áµ—Ê°Ë¢ Ë¢áµ’ á¶œáµ’áµáµáµ’â¿ â±â¿ Ë¢áµ’â¿áµ áµ—â±áµ—Ë¡áµ‰Ë¢ Ë¡áµáµƒáµ’,0.552808988764045,0.014211755151761242,8,-30.016,1,0.038049117952265656,1.0,0.8842639593908629,0.08365185104291797,0.36542669584245074,0.6799659632402997,2MZSXhq4XDJWu6coGoXX1V,spotify:track:2MZSXhq4XDJWu6coGoXX1V,https://api.spotify.com/v1/tracks/2MZSXhq4XDJWu6coGoXX1V,https://api.spotify.com/v1/audio-analysis/2MZSXhq4XDJWu6coGoXX1V,125520,4,0
620,620,Kraftwerk,Computer World - 2009 Remaster,35,"['dusseldorf electronic', 'early synthpop', 'electro', 'new romantic', 'new wave', 'proto-techno', 'synthpop']",Eá’ªEá‘•Tá–‡Oá‘Iá‘• á–´á‘Œá‘á–´á—©Iá–‡,0.9719101123595506,0.3350928839711705,2,-12.472,0,0.06485645105499827,0.813252725177379,0.867005076142132,0.13617997160642129,0.843701156611441,0.48712729748127975,1Q8n7UU4pULe4Mf1m3DxCm,spotify:track:1Q8n7UU4pULe4Mf1m3DxCm,https://api.spotify.com/v1/tracks/1Q8n7UU4pULe4Mf1m3DxCm,https://api.spotify.com/v1/audio-analysis/1Q8n7UU4pULe4Mf1m3DxCm,306200,4,0
623,623,Brian Eno,Under Stars - 2005 Mix,40,"['ambient', 'art pop', 'art rock', 'compositional ambient', 'electronica', 'experimental', 'experimental ambient', 'fourth world', 'glam rock', 'minimalism', 'singer-songwriter']",march '22,0.3258426966292135,0.02700233478834636,8,-31.069,0,0.07263922518159807,0.7289152462252275,0.8903553299492385,0.10123402861199082,0.20287589871834946,0.05942137508509193,4bBs07tSkVLzETwbgPlxdl,spotify:track:4bBs07tSkVLzETwbgPlxdl,https://api.spotify.com/v1/tracks/4bBs07tSkVLzETwbgPlxdl,https://api.spotify.com/v1/audio-analysis/4bBs07tSkVLzETwbgPlxdl,270280,4,0
647,647,Brian Eno,Stars - Remastered 2005,42,"['ambient', 'art pop', 'art rock', 'compositional ambient', 'electronica', 'experimental', 'experimental ambient', 'fourth world', 'glam rock', 'minimalism', 'singer-songwriter']",ï½”ï½’ï½ï½‰ï½ã€€ï½ï½†ã€€ï½”ï½ˆï½ï½•ï½‡ï½ˆï½”ã€€ã£ã§ã‚«,0.09325842696629214,0.015429905593340777,5,-33.771,1,0.04306468350051885,0.995983929573707,0.9461928934010152,0.04684940482690838,0.04157549234135667,0.16391422736555478,1cWHaz5GDrhfnkXTIYlGHh,spotify:track:1cWHaz5GDrhfnkXTIYlGHh,https://api.spotify.com/v1/tracks/1cWHaz5GDrhfnkXTIYlGHh,https://api.spotify.com/v1/audio-analysis/1cWHaz5GDrhfnkXTIYlGHh,480280,3,0
674,674,Pink Floyd,"Shine On You Crazy Diamond, Pts. 6-9 - 2011 Remaster",52,"['album rock', 'art rock', 'classic rock', 'progressive rock', 'psychedelic rock', 'rock', 'symphonic rock']",ï½”ï½’ï½ï½‰ï½ã€€ï½ï½†ã€€ï½”ï½ˆï½ï½•ï½‡ï½ˆï½”ã€€ã£ã§ã‚«,0.24831460674157302,0.37874327479443715,7,-17.032,0,0.03960567277758561,0.5240956544842884,0.9015228426395938,0.23337337555968113,0.1278524538918412,0.5282777399591558,2YMN5C5XDSsqCHSoJIbOzj,spotify:track:2YMN5C5XDSsqCHSoJIbOzj,https://api.spotify.com/v1/tracks/2YMN5C5XDSsqCHSoJIbOzj,https://api.spotify.com/v1/audio-analysis/2YMN5C5XDSsqCHSoJIbOzj,743987,3,0
679,679,Pink Floyd,Absolutely Curtains - 2011 Remastered Version,29,"['album rock', 'art rock', 'classic rock', 'progressive rock', 'psychedelic rock', 'rock', 'symphonic rock']",ï½”ï½’ï½ï½‰ï½ã€€ï½ï½†ã€€ï½”ï½ˆï½ï½•ï½‡ï½ˆï½”ã€€ã£ã§ã‚«,0.11123595505617978,0.16861232362196732,7,-22.337,0,0.026807333102732624,0.08001866709694844,0.416243654822335,0.0946816643005351,0.018130665833072837,0.28749489448604487,2ssd2QAeKbBpxoAtboAGq2,spotify:track:2ssd2QAeKbBpxoAtboAGq2,https://api.spotify.com/v1/tracks/2ssd2QAeKbBpxoAtboAGq2,https://api.spotify.com/v1/audio-analysis/2ssd2QAeKbBpxoAtboAGq2,352493,3,0
685,685,Pink Floyd,Echoes - 2011 Remastered Version,51,"['album rock', 'art rock', 'classic rock', 'progressive rock', 'psychedelic rock', 'rock', 'symphonic rock']",ï½”ï½’ï½ï½‰ï½ã€€ï½ï½†ã€€ï½”ï½ˆï½ï½•ï½‡ï½ˆï½”ã€€ã£ã§ã‚«,0.2112359550561798,0.28839711704395493,6,-17.92,0,0.03251470079557247,0.42971799946640477,0.5827411167512689,0.10560227148629464,0.12472647702407003,0.6060313138189244,1Mzm1CNqVxtwbCYhOo843s,spotify:track:1Mzm1CNqVxtwbCYhOo843s,https://api.spotify.com/v1/tracks/1Mzm1CNqVxtwbCYhOo843s,https://api.spotify.com/v1/audio-analysis/1Mzm1CNqVxtwbCYhOo843s,1413307,4,0
690,690,Brian Eno,Always Returning - Remastered 2005,47,"['ambient', 'art pop', 'art rock', 'compositional ambient', 'electronica', 'experimental', 'experimental ambient', 'fourth world', 'glam rock', 'minimalism', 'singer-songwriter']",ï½”ï½’ï½ï½‰ï½ã€€ï½ï½†ã€€ï½”ï½ˆï½ï½•ï½‡ï½ˆï½”ã€€ã£ã§ã‚«,0.26179775280898876,0.10364430007105879,10,-24.355,1,0.031476997578692496,0.6897585595688716,0.8720812182741116,0.06126460631211094,0.11639053871001354,0.08716814159292036,1ps5sx71OhHiBVmGiKQSne,spotify:track:1ps5sx71OhHiBVmGiKQSne,https://api.spotify.com/v1/tracks/1ps5sx71OhHiBVmGiKQSne,https://api.spotify.com/v1/audio-analysis/1ps5sx71OhHiBVmGiKQSne,244181,4,0
705,705,Pink Floyd,Let There Be More Light - 2011 Remaster,38,"['album rock', 'art rock', 'classic rock', 'progressive rock', 'psychedelic rock', 'rock', 'symphonic rock']",ï½”ï½’ï½ï½‰ï½ã€€ï½ï½†ã€€ï½”ï½ˆï½ï½•ï½‡ï½ˆï½”ã€€ã£ã§ã‚«,0.10224719101123597,0.5330423307278449,0,-11.983,1,0.01954341058457281,0.6736942778636998,0.9045685279187817,0.15146882166648465,0.30290715848702715,0.13044247787610624,0baVb7JOstPFRDi7pMFzJE,spotify:track:0baVb7JOstPFRDi7pMFzJE,https://api.spotify.com/v1/tracks/0baVb7JOstPFRDi7pMFzJE,https://api.spotify.com/v1/audio-analysis/0baVb7JOstPFRDi7pMFzJE,337213,4,0
711,711,The Microphones,(Something) - 1,34,"['alternative rock', 'anti-folk', 'indie rock', 'lo-fi', 'lo-fi indie', 'noise pop', 'olympia wa indie']",ï½”ï½’ï½ï½‰ï½ã€€ï½ï½†ã€€ï½”ï½ˆï½ï½•ï½‡ï½ˆï½”ã€€ã£ã§ã‚«,0.1303370786516854,0.24880722769262004,11,-18.858,1,0.02092701487374611,0.2369466190043444,0.9279187817258883,0.10014196789341487,0.04980723142648745,0.1916337644656229,1TPFYoe9yz9odVtnJSPQRF,spotify:track:1TPFYoe9yz9odVtnJSPQRF,https://api.spotify.com/v1/tracks/1TPFYoe9yz9odVtnJSPQRF,https://api.spotify.com/v1/audio-analysis/1TPFYoe9yz9odVtnJSPQRF,162053,5,0
780,780,Pink Floyd,Mudmen - 2011 Remastered Version,33,"['album rock', 'art rock', 'classic rock', 'progressive rock', 'psychedelic rock', 'rock', 'symphonic rock']",ï½”ï½’ï½ï½‰ï½ã€€ï½ï½†ã€€ï½”ï½ˆï½ï½•ï½‡ï½ˆï½”ã€€ã£ã§ã‚«,0.38764044943820225,0.20820221297330221,8,-14.965,1,0.009339328951919752,0.4909630734673719,0.6700507614213198,0.10451021076771869,0.08137959779097634,0.3410891763104153,48WI3WsW3V1lCKUalEtkcf,spotify:track:48WI3WsW3V1lCKUalEtkcf,https://api.spotify.com/v1/tracks/48WI3WsW3V1lCKUalEtkcf,https://api.spotify.com/v1/audio-analysis/48WI3WsW3V1lCKUalEtkcf,257707,4,0
790,790,Brian Eno,Liquidambar,13,"['ambient', 'art pop', 'art rock', 'compositional ambient', 'electronica', 'experimental', 'experimental ambient', 'fourth world', 'glam rock', 'minimalism', 'singer-songwriter']",ï½”ï½’ï½ï½‰ï½ã€€ï½ï½†ã€€ï½”ï½ˆï½ï½•ï½‡ï½ˆï½”ã€€ã£ã§ã‚«,0.06853932584269665,0.13206781037458126,2,-25.727,0,0.039086821169145615,0.3072278514644706,0.9553299492385786,0.11106257507917439,0.015317286652078772,0.2780599046970728,3ngQFYfxrF8HHrM71Aja8I,spotify:track:3ngQFYfxrF8HHrM71Aja8I,https://api.spotify.com/v1/tracks/3ngQFYfxrF8HHrM71Aja8I,https://api.spotify.com/v1/audio-analysis/3ngQFYfxrF8HHrM71Aja8I,420568,3,0
814,814,Fabrizio De AndrÃ©,Giugno '73,23,"[""canzone d'autore"", 'canzone genovese', 'classic italian pop', 'folk rock italiano', 'italian adult pop', 'musica sarda']",Ê·Ê°Ê¸ áµƒÊ³áµ‰ áµáµ’â¿áµ—Ê°Ë¢ Ë¢áµ’ á¶œáµ’áµáµáµ’â¿ â±â¿ Ë¢áµ’â¿áµ áµ—â±áµ—Ë¡áµ‰Ë¢ Ë¡áµáµƒáµ’,0.3606741573033708,0.13714343721449598,9,-17.798,0,0.022137668626772737,0.8363451301285633,0.5928934010152284,0.10887845364202248,0.25810149004897365,0.1257794417971409,0tlsSbAswQAUW02AWE26Fz,spotify:track:0tlsSbAswQAUW02AWE26Fz,https://api.spotify.com/v1/tracks/0tlsSbAswQAUW02AWE26Fz,https://api.spotify.com/v1/audio-analysis/0tlsSbAswQAUW02AWE26Fz,209147,3,0
826,826,72-HOUR POST FIGHT,TALK,12,['milan indie'],ï½”ï½’ï½ï½‰ï½ã€€ï½ï½†ã€€ï½”ï½ˆï½ï½•ï½‡ï½ˆï½”ã€€ã£ã§ã‚«,0.21910112359550565,0.3949852806821643,4,-14.027,0,0.04531304047042547,0.3162640099236297,0.9197969543147207,0.22245276837392158,0.1434823382306971,0.18049693669162686,71ZRYikF1OHqQMJhzB2S8Y,spotify:track:71ZRYikF1OHqQMJhzB2S8Y,https://api.spotify.com/v1/tracks/71ZRYikF1OHqQMJhzB2S8Y,https://api.spotify.com/v1/audio-analysis/71ZRYikF1OHqQMJhzB2S8Y,219672,4,0
828,828,Chelou,Missing in Action,19,['uk alternative pop'],may '22,0.3662921348314607,0.4112272865698914,1,-7.266,1,0.02282947077135939,0.7469875631435458,0.3279187817258883,0.7138800917331004,0.08304678545378764,0.2986317222600409,5P1XdaYQPD33jFgLe90HXX,spotify:track:5P1XdaYQPD33jFgLe90HXX,https://api.spotify.com/v1/tracks/5P1XdaYQPD33jFgLe90HXX,https://api.spotify.com/v1/audio-analysis/5P1XdaYQPD33jFgLe90HXX,278000,3,0
855,855,Aphex Twin,Polynomial-C,46,"['ambient', 'braindance', 'electronica', 'intelligent dance music', 'uk experimental electronic']",Eá’ªEá‘•Tá–‡Oá‘Iá‘• á–´á‘Œá‘á–´á—©Iá–‡,0.17752808988764046,0.8030656786113085,1,-10.739,1,0.054479418886198554,0.6325295559941974,0.949238578680203,0.0789559899530414,0.5540273001979785,0.09777399591558888,1CaTIckDNXtzUypdTOAghF,spotify:track:1CaTIckDNXtzUypdTOAghF,https://api.spotify.com/v1/tracks/1CaTIckDNXtzUypdTOAghF,https://api.spotify.com/v1/audio-analysis/1CaTIckDNXtzUypdTOAghF,286507,4,0
889,889,Sonic Youth,Tunic (Song For Karen),45,"['alternative rock', 'art rock', 'indie rock', 'noise pop', 'noise rock', 'post-punk', 'rock']",february '22,0.11348314606741575,0.7685514160998883,7,-12.006,1,0.04721549636803874,0.5773085876326697,0.5472081218274112,0.07797313530632302,0.09867666979264353,0.702641252552757,1vk2iQMb6SFA5CLpgOb21p,spotify:track:1vk2iQMb6SFA5CLpgOb21p,https://api.spotify.com/v1/tracks/1vk2iQMb6SFA5CLpgOb21p,https://api.spotify.com/v1/audio-analysis/1vk2iQMb6SFA5CLpgOb21p,378933,4,0
908,908,Pink Floyd,"Shine On You Crazy Diamond, Pts. 1-5 - 2011 Remaster",63,"['album rock', 'art rock', 'classic rock', 'progressive rock', 'psychedelic rock', 'rock', 'symphonic rock']",ï½”ï½’ï½ï½‰ï½ã€€ï½ï½†ã€€ï½”ï½ˆï½ï½•ï½‡ï½ˆï½”ã€€ã£ã§ã‚«,0.22921348314606743,0.20515683686935338,7,-15.779,0,0.008993427879626426,0.7409634575041063,0.6710659898477157,0.10560227148629464,0.02625820568927789,0.5305990469707285,32dnKMni3I3gwUbWp4mi45,spotify:track:32dnKMni3I3gwUbWp4mi45,https://api.spotify.com/v1/tracks/32dnKMni3I3gwUbWp4mi45,https://api.spotify.com/v1/audio-analysis/32dnKMni3I3gwUbWp4mi45,810293,3,0
937,937,King Krule,Slush Puppy,47,['uk alternative pop'],august '22,0.3382022471910113,0.44066592224139683,1,-9.334,0,0.01625735039778623,0.6214853623218919,0.7837563451776649,0.35568417604018776,0.03230176096696884,0.7724166099387337,7jVXopSLnC0GIygpsLGevM,spotify:track:7jVXopSLnC0GIygpsLGevM,https://api.spotify.com/v1/tracks/7jVXopSLnC0GIygpsLGevM,https://api.spotify.com/v1/audio-analysis/7jVXopSLnC0GIygpsLGevM,162656,3,0
960,960,Clams Casino,All I Need,48,"['experimental hip hop', 'psychedelic hip hop']",ï½”ï½’ï½ï½‰ï½ã€€ï½ï½†ã€€ï½”ï½ˆï½ï½•ï½‡ï½ˆï½”ã€€ã£ã§ã‚«,0.21685393258426972,0.47924068622474875,8,-10.866,1,0.03631961259079903,0.2781113408738469,0.8020304568527918,0.20716391831385822,0.07825362092320516,0.320578624914908,0FLFE8mxBn1yWAX8s2L8ru,spotify:track:0FLFE8mxBn1yWAX8s2L8ru,https://api.spotify.com/v1/tracks/0FLFE8mxBn1yWAX8s2L8ru,https://api.spotify.com/v1/audio-analysis/0FLFE8mxBn1yWAX8s2L8ru,224418,3,0
965,965,Indian Summer,Woolworm,12,"['emo', 'screamo']",deal with reality,0.24719101123595505,0.2366257232768247,7,-11.113,1,0.012625389138706325,0.09357290478568707,0.6893401015228426,0.15911324669651633,0.212253829321663,0.17622872702518716,3aTrF0jgbFYvYdoLMHfpVi,spotify:track:3aTrF0jgbFYvYdoLMHfpVi,https://api.spotify.com/v1/tracks/3aTrF0jgbFYvYdoLMHfpVi,https://api.spotify.com/v1/audio-analysis/3aTrF0jgbFYvYdoLMHfpVi,445293,4,0
975,975,Beach House,Levitation,47,"['baltimore indie', 'dream pop', 'dreamo', 'modern dream pop']",â™¥ ğ—±ğ—¿ğ—²ğ—®ğ—ºğ˜† â™¥,0.2056179775280899,0.4467566744492945,2,-7.126,1,0.011241784849533032,0.5522081474683389,0.433502538071066,0.044883695533471664,0.05032822757111596,0.5747311095983663,7aciebfpMZffzCTSg9rLIZ,spotify:track:7aciebfpMZffzCTSg9rLIZ,https://api.spotify.com/v1/tracks/7aciebfpMZffzCTSg9rLIZ,https://api.spotify.com/v1/audio-analysis/7aciebfpMZffzCTSg9rLIZ,354600,4,0
1065,1065,Molchat Doma,ĞšĞ»ĞµÑ‚ĞºĞ°,65,"['belarusian indie', 'russian post-punk', 'sovietwave']",ï½”ï½’ï½ï½‰ï½ã€€ï½ï½†ã€€ï½”ï½ˆï½ï½•ï½‡ï½ˆï½”ã€€ã£ã§ã‚«,0.4932584269662922,0.7502791594761953,2,-4.139,1,0.02992044275337253,0.630521520781051,0.9025380710659898,0.06661570383313312,0.38418255704907783,0.4900680735194009,4nvsRb9ypaqqDXcZxjn6ba,spotify:track:4nvsRb9ypaqqDXcZxjn6ba,https://api.spotify.com/v1/tracks/4nvsRb9ypaqqDXcZxjn6ba,https://api.spotify.com/v1/audio-analysis/4nvsRb9ypaqqDXcZxjn6ba,283486,4,0
1101,1101,The Strokes,"Call It Fate, Call It Karma",71,"['alternative rock', 'garage rock', 'modern rock', 'permanent wave', 'rock']",ã€ï»¿ï½ï½…ï½Œï½ï½ï½ƒï½ˆï½ï½Œï½‰ï½ã€‘,0.5370786516853934,0.23256522180489292,4,-14.779,0,0.010722933241093045,0.9869477711145479,0.7857868020304568,0.0881292999890794,0.3539647806606231,0.3506671204901293,3Y4rUyw7XBCK6hGHCOt6rp,spotify:track:3Y4rUyw7XBCK6hGHCOt6rp,https://api.spotify.com/v1/tracks/3Y4rUyw7XBCK6hGHCOt6rp,https://api.spotify.com/v1/audio-analysis/3Y4rUyw7XBCK6hGHCOt6rp,204773,4,0
1113,1113,Radiohead,Motion Picture Soundtrack,57,"['alternative rock', 'art rock', 'melancholia', 'oxford indie', 'permanent wave', 'rock']","ğ”¬ğ”«ğ”¢ ğ”¬ğ”£ ğ”±ğ”¥ğ”¬ğ”°ğ”¢ ğ”«ğ”¦ğ”¤ğ”¥ğ”±ğ”° ğ”ğ”¤ğ”ğ”¦ğ”«, ğ”¥ğ”²ğ”¥?",0.05168539325842697,0.11988630595878591,7,-16.128,1,0.018851608439986164,0.9246986795070076,0.7167512690355329,0.11979906082778202,0.02438261956861519,0.22403675970047648,4SrRrB27n7fiRkQcPoKfpk,spotify:track:4SrRrB27n7fiRkQcPoKfpk,https://api.spotify.com/v1/tracks/4SrRrB27n7fiRkQcPoKfpk,https://api.spotify.com/v1/audio-analysis/4SrRrB27n7fiRkQcPoKfpk,200483,4,0
1134,1134,Broadcast,Echo's Answer,46,"['alternative rock', 'art pop', 'art rock', 'chamber psych', 'dream pop', 'experimental', 'hauntology', 'indietronica', 'singer-songwriter']",june â€˜22,0.16404494382022472,0.20718708760531926,0,-18.373,1,0.03251470079557247,0.9558232253107777,0.8162436548223351,0.0946816643005351,0.060539752005835154,0.15279782164737915,3ZB8WOTt7p9cSia9iG0TMz,spotify:track:3ZB8WOTt7p9cSia9iG0TMz,https://api.spotify.com/v1/tracks/3ZB8WOTt7p9cSia9iG0TMz,https://api.spotify.com/v1/audio-analysis/3ZB8WOTt7p9cSia9iG0TMz,192000,4,0
1141,1141,Brian Eno,Silver Morning - Remastered 2005,40,"['ambient', 'art pop', 'art rock', 'compositional ambient', 'electronica', 'experimental', 'experimental ambient', 'fourth world', 'glam rock', 'minimalism', 'singer-songwriter']",ï½”ï½’ï½ï½‰ï½ã€€ï½ï½†ã€€ï½”ï½ˆï½ï½•ï½‡ï½ˆï½”ã€€ã£ã§ã‚«,0.450561797752809,0.22850472033296113,2,-18.522,1,0.02058111380145279,0.9779116126553888,0.8923857868020304,0.10560227148629464,0.13723038449515473,0.09944179714091217,5HzfnZhtGRSenfvmdnY7aV,spotify:track:5HzfnZhtGRSenfvmdnY7aV,https://api.spotify.com/v1/tracks/5HzfnZhtGRSenfvmdnY7aV,https://api.spotify.com/v1/audio-analysis/5HzfnZhtGRSenfvmdnY7aV,159480,5,0
1174,1174,Brian Eno,Matta - Remastered 2005,35,"['ambient', 'art pop', 'art rock', 'compositional ambient', 'electronica', 'experimental', 'experimental ambient', 'fourth world', 'glam rock', 'minimalism', 'singer-songwriter']",ï½”ï½’ï½ï½‰ï½ã€€ï½ï½†ã€€ï½”ï½ˆï½ï½•ï½‡ï½ˆï½”ã€€ã£ã§ã‚«,0.11910112359550562,0.045883666632829154,8,-36.058,0,0.031304047042545836,0.9668674189830833,0.9116751269035532,0.29889701867423824,0.11847452328852767,0.39379850238257313,1t9Yh3MaABL3wRv19rGYIJ,spotify:track:1t9Yh3MaABL3wRv19rGYIJ,https://api.spotify.com/v1/tracks/1t9Yh3MaABL3wRv19rGYIJ,https://api.spotify.com/v1/audio-analysis/1t9Yh3MaABL3wRv19rGYIJ,259693,4,0
1175,1175,Brian Eno,Weightless - Remastered 2005,38,"['ambient', 'art pop', 'art rock', 'compositional ambient', 'electronica', 'experimental', 'experimental ambient', 'fourth world', 'glam rock', 'minimalism', 'singer-songwriter']",ï½”ï½’ï½ï½‰ï½ã€€ï½ï½†ã€€ï½”ï½ˆï½ï½•ï½‡ï½ˆï½”ã€€ã£ã§ã‚«,0.3573033707865169,0.08943254491929754,1,-22.24,0,0.013144240747146312,0.9889558063276943,0.9654822335025379,0.0946816643005351,0.09346670834635823,0.07497617426820968,64Rc8eAYEcIVK486usaKtb,spotify:track:64Rc8eAYEcIVK486usaKtb,https://api.spotify.com/v1/tracks/64Rc8eAYEcIVK486usaKtb,https://api.spotify.com/v1/audio-analysis/64Rc8eAYEcIVK486usaKtb,275187,3,0
1180,1180,72-HOUR POST FIGHT,LOST MY,11,['milan indie'],ï½”ï½’ï½ï½‰ï½ã€€ï½ï½†ã€€ï½”ï½ˆï½ï½•ï½‡ï½ˆï½”ã€€ã£ã§ã‚«,0.41685393258426967,0.4213785402497209,2,-13.901,0,0.03856796956070565,0.391565330416622,0.8538071065989847,0.2617669542426559,0.019381056580181306,0.42255275697753575,5s1pPnhzGek5K7XcQE9dVD,spotify:track:5s1pPnhzGek5K7XcQE9dVD,https://api.spotify.com/v1/tracks/5s1pPnhzGek5K7XcQE9dVD,https://api.spotify.com/v1/audio-analysis/5s1pPnhzGek5K7XcQE9dVD,256018,4,0
1186,1186,Godspeed You! Black Emperor,Their Helicopters Sing,25,"['canadian post-rock', 'double drumming', 'indie rock', 'instrumental post-rock', 'post-rock']",ï½”ï½’ï½ï½‰ï½ã€€ï½ï½†ã€€ï½”ï½ˆï½ï½•ï½‡ï½ˆï½”ã€€ã£ã§ã‚«,0.06966292134831462,0.31479037661151155,1,-9.498,1,0.025250778277412657,0.09005884316268076,0.9583756345177664,0.35022387244730807,0.014275294362821718,0.06842750170183798,4mBRLaOxBc0fJOmrSQBfBF,spotify:track:4mBRLaOxBc0fJOmrSQBfBF,https://api.spotify.com/v1/tracks/4mBRLaOxBc0fJOmrSQBfBF,https://api.spotify.com/v1/audio-analysis/4mBRLaOxBc0fJOmrSQBfBF,390053,4,0
1193,1193,Godspeed You! Black Emperor,Providence,35,"['canadian post-rock', 'double drumming', 'indie rock', 'instrumental post-rock', 'post-rock']",ï½”ï½’ï½ï½‰ï½ã€€ï½ï½†ã€€ï½”ï½ˆï½ï½•ï½‡ï½ˆï½”ã€€ã£ã§ã‚«,0.21348314606741575,0.020302507359658915,10,-14.541,0,0.05845728121757177,0.5020072671396774,0.5329949238578681,0.11106257507917439,0.02042304886943836,0.3745200816882233,35MghvJDcBxKqb1VHL6ePy,spotify:track:35MghvJDcBxKqb1VHL6ePy,https://api.spotify.com/v1/tracks/35MghvJDcBxKqb1VHL6ePy,https://api.spotify.com/v1/audio-analysis/35MghvJDcBxKqb1VHL6ePy,1742427,4,0
1199,1199,Brian Eno,Drift - Remastered 2005,41,"['ambient', 'art pop', 'art rock', 'compositional ambient', 'electronica', 'experimental', 'experimental ambient', 'fourth world', 'glam rock', 'minimalism', 'singer-songwriter']",ï½”ï½’ï½ï½‰ï½ã€€ï½ï½†ã€€ï½”ï½ˆï½ï½•ï½‡ï½ˆï½”ã€€ã£ã§ã‚«,0.21235955056179778,0.10567455080702468,5,-29.308,1,0.034417156693185756,0.887550028063798,0.9076142131979695,0.06432237632412363,0.012087110555381891,0.0777059223961879,4WLDFjesbUHfZpf2xvnQyK,spotify:track:4WLDFjesbUHfZpf2xvnQyK,https://api.spotify.com/v1/tracks/4WLDFjesbUHfZpf2xvnQyK,https://api.spotify.com/v1/audio-analysis/4WLDFjesbUHfZpf2xvnQyK,189467,3,0
1217,1217,David Bowie,Moss Garden - 2017 Remaster,37,"['art rock', 'classic rock', 'glam rock', 'permanent wave', 'rock']",ï½”ï½’ï½ï½‰ï½ã€€ï½ï½†ã€€ï½”ï½ˆï½ï½•ï½‡ï½ˆï½”ã€€ã£ã§ã‚«,0.10898876404494384,0.18586945487767742,1,-18.134,1,0.02092701487374611,0.3875492599903291,0.9045685279187817,0.1503767609479087,0.16744816088360945,0.13452008168822333,2hBsekQsE7bxL4lNGpG1tL,spotify:track:2hBsekQsE7bxL4lNGpG1tL,https://api.spotify.com/v1/tracks/2hBsekQsE7bxL4lNGpG1tL,https://api.spotify.com/v1/audio-analysis/2hBsekQsE7bxL4lNGpG1tL,305867,4,0
1233,1233,Godspeed You! Black Emperor,motherfucker=redeemer,29,"['canadian post-rock', 'double drumming', 'indie rock', 'instrumental post-rock', 'post-rock']",ï½”ï½’ï½ï½‰ï½ã€€ï½ï½†ã€€ï½”ï½ˆï½ï½•ï½‡ï½ˆï½”ã€€ã£ã§ã‚«,0.21910112359550565,0.400060907522079,1,-14.362,1,0.031131096506399163,0.4457822811715765,0.8781725888324873,0.20607185759528227,0.05168281754715015,0.57857045609258,4Mj2K6juDFsWteFAR1wFkk,spotify:track:4Mj2K6juDFsWteFAR1wFkk,https://api.spotify.com/v1/tracks/4Mj2K6juDFsWteFAR1wFkk,https://api.spotify.com/v1/audio-analysis/4Mj2K6juDFsWteFAR1wFkk,1282253,4,0
1237,1237,LSD and the Search for God,Starting Over,58,"['american shoegaze', 'dream pop', 'nu gaze', 'shoegaze']",june â€˜22,0.17865168539325843,0.5066490711602882,4,-9.316,1,0.017468004150812864,0.5080313727791167,0.9319796954314721,0.09577372501911105,0.10180264666041472,0.3834649421375084,0dcu28YT8cXZH7JTIraszp,spotify:track:0dcu28YT8cXZH7JTIraszp,https://api.spotify.com/v1/tracks/0dcu28YT8cXZH7JTIraszp,https://api.spotify.com/v1/audio-analysis/0dcu28YT8cXZH7JTIraszp,304240,4,0
1242,1242,Pink Floyd,Set The Controls For The Heart Of The Sun - 2011 Remaster,38,"['album rock', 'art rock', 'classic rock', 'progressive rock', 'psychedelic rock', 'rock', 'symphonic rock']",ï½”ï½’ï½ï½‰ï½ã€€ï½ï½†ã€€ï½”ï½ˆï½ï½•ï½‡ï½ˆï½”ã€€ã£ã§ã‚«,0.25842696629213485,0.2579433560044666,9,-17.419,1,0.05223106191629195,0.6767063306834196,0.9086294416243654,0.06323031560554768,0.3049911430655413,0.4934785568413887,5TBtYdgh70ZKnZbEJ3KZvR,spotify:track:5TBtYdgh70ZKnZbEJ3KZvR,https://api.spotify.com/v1/tracks/5TBtYdgh70ZKnZbEJ3KZvR,https://api.spotify.com/v1/audio-analysis/5TBtYdgh70ZKnZbEJ3KZvR,328293,4,0
1257,1257,This Will Destroy You,Quiet,43,"['ambient post-rock', 'american post-rock', 'compositional ambient', 'doomgaze', 'drone metal', 'instrumental post-rock', 'post-rock']",ï½”ï½’ï½ï½‰ï½ã€€ï½ï½†ã€€ï½”ï½ˆï½ï½•ï½‡ï½ˆï½”ã€€ã£ã§ã‚«,0.4674157303370786,0.45792305349710694,1,-7.927,1,0.05793842960913178,0.28313142890671306,0.8609137055837562,0.3709730261002511,0.02438261956861519,0.38861130020422047,4llDF3RuBQYj2nkjTCJY4w,spotify:track:4llDF3RuBQYj2nkjTCJY4w,https://api.spotify.com/v1/tracks/4llDF3RuBQYj2nkjTCJY4w,https://api.spotify.com/v1/audio-analysis/4llDF3RuBQYj2nkjTCJY4w,293173,4,0
1278,1278,Brian Eno,Under Stars II - Remastered 2005,36,"['ambient', 'art pop', 'art rock', 'compositional ambient', 'electronica', 'experimental', 'experimental ambient', 'fourth world', 'glam rock', 'minimalism', 'singer-songwriter']",ï½”ï½’ï½ï½‰ï½ã€€ï½ï½†ã€€ï½”ï½ˆï½ï½•ï½‡ï½ˆï½”ã€€ã£ã§ã‚«,0.24831460674157302,0.04009745203532637,6,-27.976,0,0.02992044275337253,0.9327308203595934,0.8934010152284263,0.09577372501911105,0.01886006043555278,0.052579986385296096,1zeqghK8uQXeEbIQJna4NX,spotify:track:1zeqghK8uQXeEbIQJna4NX,https://api.spotify.com/v1/tracks/1zeqghK8uQXeEbIQJna4NX,https://api.spotify.com/v1/audio-analysis/1zeqghK8uQXeEbIQJna4NX,202773,3,0
1307,1307,King Crimson,"Moonchild - Including ""The Dream"" and ""The Illusion""",46,"['album rock', 'art rock', 'classic rock', 'instrumental rock', 'jazz fusion', 'jazz rock', 'progressive rock', 'psychedelic rock', 'rock', 'symphonic rock', 'zolo']",ğ˜”ğ˜–ğ˜–ğ˜• ğ˜ ğ˜–ğ˜œ ğ˜˜ğ˜œğ˜Œğ˜Œğ˜•!!,0.3325842696629214,0.02578418434676683,9,-26.157,0,0.05032860601867866,0.8724897639651996,0.4578680203045685,0.09358960358195914,0.02438261956861519,0.13311776718856366,32GKpDMBMNQI3FdXlFFsMD,spotify:track:32GKpDMBMNQI3FdXlFFsMD,https://api.spotify.com/v1/tracks/32GKpDMBMNQI3FdXlFFsMD,https://api.spotify.com/v1/audio-analysis/32GKpDMBMNQI3FdXlFFsMD,732807,4,0
1316,1316,ï¼’ï¼˜ï¼‘ï¼”,æ¢å¤,51,"['cyberpunk', 'dreampunk', 'hardvapour', 'slushwave', 'vaporwave']","ğ”¬ğ”«ğ”¢ ğ”¬ğ”£ ğ”±ğ”¥ğ”¬ğ”°ğ”¢ ğ”«ğ”¦ğ”¤ğ”¥ğ”±ğ”° ğ”ğ”¤ğ”ğ”¦ğ”«, ğ”¥ğ”²ğ”¥?",0.27977528089887643,0.3888945284742666,5,-14.646,0,0.07592528536838464,0.921686626687288,0.9299492385786802,0.20825597903243417,0.03407314785870584,0.20369639210347174,2dFUtZtpWydAU4QMmUOK47,spotify:track:2dFUtZtpWydAU4QMmUOK47,https://api.spotify.com/v1/tracks/2dFUtZtpWydAU4QMmUOK47,https://api.spotify.com/v1/audio-analysis/2dFUtZtpWydAU4QMmUOK47,351200,4,0
1341,1341,Pink Floyd,Interstellar Overdrive - 2011 Remaster,38,"['album rock', 'art rock', 'classic rock', 'progressive rock', 'psychedelic rock', 'rock', 'symphonic rock']",space cowboy,0.18426966292134833,0.605116231854634,2,-14.145,1,0.051885160843998614,0.7881522850130482,0.8730964467005076,0.10123402861199082,0.3049911430655413,0.2501769911504425,63KHfOzsogBZO5LPmxCyVF,spotify:track:63KHfOzsogBZO5LPmxCyVF,https://api.spotify.com/v1/tracks/63KHfOzsogBZO5LPmxCyVF,https://api.spotify.com/v1/audio-analysis/63KHfOzsogBZO5LPmxCyVF,580587,4,0
1343,1343,Explosions In The Sky,"So Long, Lonesome",34,"['american post-rock', 'cinematic post-rock', 'instrumental post-rock', 'melancholia', 'post-rock']",ï½”ï½’ï½ï½‰ï½ã€€ï½ï½†ã€€ï½”ï½ˆï½ï½•ï½‡ï½ˆï½”ã€€ã£ã§ã‚«,0.4123595505617978,0.3513348898588976,6,-12.284,1,0.012452438602559665,0.7499996159632654,0.5218274111675126,0.05307415092279131,0.02427842033968948,0.32027229407760377,01etzQv4bFBeE6E99a6xvc,spotify:track:01etzQv4bFBeE6E99a6xvc,https://api.spotify.com/v1/tracks/01etzQv4bFBeE6E99a6xvc,https://api.spotify.com/v1/audio-analysis/01etzQv4bFBeE6E99a6xvc,220373,3,0
1365,1365,Mogwai,Kids Will Be Skeletons,46,"['british post-rock', 'cosmic post-rock', 'indie rock', 'post-rock']",ï½”ï½’ï½ï½‰ï½ã€€ï½ï½†ã€€ï½”ï½ˆï½ï½•ï½‡ï½ˆï½”ã€€ã£ã§ã‚«,0.25617977528089886,0.24373160085270534,9,-13.58,1,0.011241784849533032,0.057729476231022724,0.8588832487309643,0.1776782789123075,0.03792851932895696,0.3041524846834582,3xogCrlDsnIZ7nQo8VvRL6,spotify:track:3xogCrlDsnIZ7nQo8VvRL6,https://api.spotify.com/v1/tracks/3xogCrlDsnIZ7nQo8VvRL6,https://api.spotify.com/v1/audio-analysis/3xogCrlDsnIZ7nQo8VvRL6,327173,4,0
1376,1376,72-HOUR POST FIGHT,UV INTRO,5,['milan indie'],ï½”ï½’ï½ï½‰ï½ã€€ï½ï½†ã€€ï½”ï½ˆï½ï½•ï½‡ï½ˆï½”ã€€ã£ã§ã‚«,0.07865168539325845,0.5706019693432138,0,-12.919,0,0.04756139744033206,0.596384922157561,0.8751269035532995,0.1274434858578137,0.05981035740335522,0.11164737916950312,1ocYVGd5XedpoYc50GBfWK,spotify:track:1ocYVGd5XedpoYc50GBfWK,https://api.spotify.com/v1/tracks/1ocYVGd5XedpoYc50GBfWK,https://api.spotify.com/v1/audio-analysis/1ocYVGd5XedpoYc50GBfWK,223969,5,0
1382,1382,Godspeed You! Black Emperor,09-15-00 (cont.),28,"['canadian post-rock', 'double drumming', 'indie rock', 'instrumental post-rock', 'post-rock']",ï½”ï½’ï½ï½‰ï½ã€€ï½ï½†ã€€ï½”ï½ˆï½ï½•ï½‡ï½ˆï½”ã€€ã£ã§ã‚«,0.1,0.28129123946807433,1,-13.559,0,0.023521272915946044,0.5461840418288996,0.7949238578680203,0.06748935240799389,0.020214650411586953,0.09705922396187883,2DwhMMFsaUscv4yTWpN6xB,spotify:track:2DwhMMFsaUscv4yTWpN6xB,https://api.spotify.com/v1/tracks/2DwhMMFsaUscv4yTWpN6xB,https://api.spotify.com/v1/audio-analysis/2DwhMMFsaUscv4yTWpN6xB,376680,1,0
1390,1390,Pink Floyd,The Great Gig In The Sky - 2011 Remastered Version,65,"['album rock', 'art rock', 'classic rock', 'progressive rock', 'psychedelic rock', 'rock', 'symphonic rock']",space cowboy,0.23370786516853936,0.18586945487767742,5,-15.289,1,0.017468004150812864,0.7560237216027048,0.750253807106599,0.062356667030686895,0.15494425341252474,0.3900816882232812,25tZHMv3ctlzqDaHAeuU9c,spotify:track:25tZHMv3ctlzqDaHAeuU9c,https://api.spotify.com/v1/tracks/25tZHMv3ctlzqDaHAeuU9c,https://api.spotify.com/v1/audio-analysis/25tZHMv3ctlzqDaHAeuU9c,284413,4,0
1402,1402,Brian Eno,Deep Blue Day - Remastered 2005,47,"['ambient', 'art pop', 'art rock', 'compositional ambient', 'electronica', 'experimental', 'experimental ambient', 'fourth world', 'glam rock', 'minimalism', 'singer-songwriter']",ï½”ï½’ï½ï½‰ï½ã€€ï½ï½†ã€€ï½”ï½ˆï½ï½•ï½‡ï½ˆï½”ã€€ã£ã§ã‚«,0.13820224719101126,0.3361080093391534,4,-20.314,1,0.03718436527153234,0.8202808484233916,0.9299492385786802,0.07873757780932619,0.06679170574137751,0.5700136147038801,50mL6pbI0uI6YX1xbSer7g,spotify:track:50mL6pbI0uI6YX1xbSer7g,https://api.spotify.com/v1/tracks/50mL6pbI0uI6YX1xbSer7g,https://api.spotify.com/v1/audio-analysis/50mL6pbI0uI6YX1xbSer7g,238773,4,0
1418,1418,Weather Report,Lusitanos,9,"['jazz', 'jazz funk', 'jazz fusion']",ï½ï½ï½ï½„ï½™ ï½…ï½ï½’ï½‡ï½ï½“ï½,0.44044943820224725,0.3361080093391534,1,-13.889,1,0.03320650294015911,0.42469791143353863,0.5005076142131979,0.06181063667139892,0.17786808377618005,0.10582709326072154,1TjN80cVtQMjWo0AwB7Dsc,spotify:track:1TjN80cVtQMjWo0AwB7Dsc,https://api.spotify.com/v1/tracks/1TjN80cVtQMjWo0AwB7Dsc,https://api.spotify.com/v1/audio-analysis/1TjN80cVtQMjWo0AwB7Dsc,441840,4,0
1424,1424,Elvis Depressedly,Pepsi/Coke Suicide,49,"['asheville indie', 'indie garage rock', 'indie psych-pop', 'lo-fi indie', 'shimmer psych', 'small room']",deal with reality,0.4,0.4132575373058573,0,-9.049,1,0.011068834313386372,0.743975510323826,0.9522842639593907,0.13399585016926938,0.3185370428258831,0.14948264125255278,3w01niC4srlJrD3THYX3AB,spotify:track:3w01niC4srlJrD3THYX3AB,https://api.spotify.com/v1/tracks/3w01niC4srlJrD3THYX3AB,https://api.spotify.com/v1/audio-analysis/3w01niC4srlJrD3THYX3AB,153095,4,0
1459,1459,HÃ¼sker DÃ¼,Monday Will Never Be the Same,19,"['alternative pop', 'alternative rock', 'gbvfi', 'hardcore punk', 'new wave', 'post-hardcore', 'post-punk', 'power pop', 'punk']",just another boring week,0.6089887640449438,0.058065171048624506,7,-22.673,1,0.10498097544102389,0.7359433694712402,0.5979695431472081,0.1547450038222125,0.2612274669167448,0.4436010891763104,1IAfoHnjAuveuaW1cOFn74,spotify:track:1IAfoHnjAuveuaW1cOFn74,https://api.spotify.com/v1/tracks/1IAfoHnjAuveuaW1cOFn74,https://api.spotify.com/v1/audio-analysis/1IAfoHnjAuveuaW1cOFn74,53200,4,0
1491,1491,Brian Eno,The Secret Place - Remastered 2005,36,"['ambient', 'art pop', 'art rock', 'compositional ambient', 'electronica', 'experimental', 'experimental ambient', 'fourth world', 'glam rock', 'minimalism', 'singer-songwriter']",ï½”ï½’ï½ï½‰ï½ã€€ï½ï½†ã€€ï½”ï½ˆï½ï½•ï½‡ï½ˆï½”ã€€ã£ã§ã‚«,0.007191011235955072,0.0061922647446959675,6,-37.325,1,0.021099965409892764,0.8453812885877223,0.9076142131979695,0.13181172873211747,0.017922267375221422,0.08676650782845474,20VAzxnjcM785fAztSlR5g,spotify:track:20VAzxnjcM785fAztSlR5g,https://api.spotify.com/v1/tracks/20VAzxnjcM785fAztSlR5g,https://api.spotify.com/v1/audio-analysis/20VAzxnjcM785fAztSlR5g,209680,3,0
1522,1522,Kraftwerk,Expo 2000 - Kling Klang Mix 2000,26,"['dusseldorf electronic', 'early synthpop', 'electro', 'new romantic', 'new wave', 'proto-techno', 'synthpop']",Eá’ªEá‘•Tá–‡Oá‘Iá‘• á–´á‘Œá‘á–´á—©Iá–‡,0.6808988764044944,0.44269617297736275,1,-11.109,1,0.07886544448287791,0.5532121650749122,0.8375634517766496,0.17658621819373155,0.22684172137126182,0.8445881552076242,4pfstT9XOvJBuBRLuWGPj4,spotify:track:4pfstT9XOvJBuBRLuWGPj4,https://api.spotify.com/v1/tracks/4pfstT9XOvJBuBRLuWGPj4,https://api.spotify.com/v1/audio-analysis/4pfstT9XOvJBuBRLuWGPj4,410267,4,0
1573,1573,Radiohead,Sail To The Moon,54,"['alternative rock', 'art rock', 'melancholia', 'oxford indie', 'permanent wave', 'rock']",ğ˜”ğ˜–ğ˜–ğ˜• ğ˜ ğ˜–ğ˜œ ğ˜˜ğ˜œğ˜Œğ˜Œğ˜•!!,0.34269662921348315,0.287381991675972,9,-10.952,0,0.013317191283292978,0.800200496291927,0.5604060913705584,0.08452549961777875,0.03574033552151714,0.3675289312457454,7tFsUfrmyBvLdvIByreecz,spotify:track:7tFsUfrmyBvLdvIByreecz,https://api.spotify.com/v1/tracks/7tFsUfrmyBvLdvIByreecz,https://api.spotify.com/v1/audio-analysis/7tFsUfrmyBvLdvIByreecz,258360,4,0
1605,1605,The Microphones,Instrumental,41,"['alternative rock', 'anti-folk', 'indie rock', 'lo-fi', 'lo-fi indie', 'noise pop', 'olympia wa indie']",ï½”ï½’ï½ï½‰ï½ã€€ï½ï½†ã€€ï½”ï½ˆï½ï½•ï½‡ï½ˆï½”ã€€ã£ã§ã‚«,0.4112359550561798,0.3391533854431022,4,-18.846,0,0.06762365963334485,0.7489955983566922,0.9431472081218274,0.13071966801354157,0.01875586120662707,0.5687202178352619,4b9pSvIz68kJOxE7dBccRJ,spotify:track:4b9pSvIz68kJOxE7dBccRJ,https://api.spotify.com/v1/tracks/4b9pSvIz68kJOxE7dBccRJ,https://api.spotify.com/v1/audio-analysis/4b9pSvIz68kJOxE7dBccRJ,98840,4,0
1619,1619,Radiohead,Videotape,59,"['alternative rock', 'art rock', 'melancholia', 'oxford indie', 'permanent wave', 'rock']","ğ”¬ğ”«ğ”¢ ğ”¬ğ”£ ğ”±ğ”¥ğ”¬ğ”°ğ”¢ ğ”«ğ”¦ğ”¤ğ”¥ğ”±ğ”° ğ”ğ”¤ğ”ğ”¦ğ”«, ğ”¥ğ”²ğ”¥?",0.5955056179775281,0.37671302405847124,1,-11.194,0,0.014873746108612931,0.6967866828148841,0.8203045685279188,0.07491536529431037,0.032614358653745956,0.1327365554799183,4T1iiabe7G0UjWQJCY6NE2,spotify:track:4T1iiabe7G0UjWQJCY6NE2,https://api.spotify.com/v1/tracks/4T1iiabe7G0UjWQJCY6NE2,https://api.spotify.com/v1/audio-analysis/4T1iiabe7G0UjWQJCY6NE2,279634,4,0
1627,1627,Godspeed You! Black Emperor,Strung Like Lights At Thee Printemps Erable,23,"['canadian post-rock', 'double drumming', 'indie rock', 'instrumental post-rock', 'post-rock']",ï½”ï½’ï½ï½‰ï½ã€€ï½ï½†ã€€ï½”ï½ˆï½ï½•ï½‡ï½ˆï½”ã€€ã£ã§ã‚«,0.11460674157303372,0.011267891584610699,7,-14.864,1,0.04721549636803874,0.9809236654751085,0.865989847715736,0.09249754286338319,0.0,0.4512389380530973,3waEchoMnQsYL3GQ32ysco,spotify:track:3waEchoMnQsYL3GQ32ysco,https://api.spotify.com/v1/tracks/3waEchoMnQsYL3GQ32ysco,https://api.spotify.com/v1/audio-analysis/3waEchoMnQsYL3GQ32ysco,391880,3,0
1656,1656,HÃ¼sker DÃ¼,The Tooth Fairy and the Princess,18,"['alternative pop', 'alternative rock', 'gbvfi', 'hardcore punk', 'new wave', 'post-hardcore', 'post-punk', 'power pop', 'punk']",DÒ‰EÒ‰SÒ‰PÒ‰AÒ‰IÒ‰RÒ‰,0.3674157303370787,0.40919703583392547,2,-16.301,1,0.024386025596679357,0.917670556260995,0.9370558375634518,0.025117396527246913,0.5748671459831196,0.12807351940095307,3A0KTjnPpNV2W90gF1ATTu,spotify:track:3A0KTjnPpNV2W90gF1ATTu,https://api.spotify.com/v1/tracks/3A0KTjnPpNV2W90gF1ATTu,https://api.spotify.com/v1/audio-analysis/3A0KTjnPpNV2W90gF1ATTu,164800,4,0
1668,1668,American Football,The One With The Wurlitzer,41,"['alternative emo', 'emo', 'math rock', 'midwest emo']",ï½”ï½’ï½ï½‰ï½ã€€ï½ï½†ã€€ï½”ï½ˆï½ï½•ï½‡ï½ˆï½”ã€€ã£ã§ã‚«,0.5191011235955056,0.6609481270936961,4,-10.805,1,0.018851608439986164,0.5692764467800838,0.9238578680203046,0.0856175603363547,0.18307804522246535,0.43852961198093937,4j4ioik29OV3k35gwUWO3k,spotify:track:4j4ioik29OV3k35gwUWO3k,https://api.spotify.com/v1/tracks/4j4ioik29OV3k35gwUWO3k,https://api.spotify.com/v1/audio-analysis/4j4ioik29OV3k35gwUWO3k,163053,4,0
1679,1679,Brian Eno,Signals - Remastered 2005,49,"['ambient', 'art pop', 'art rock', 'compositional ambient', 'electronica', 'experimental', 'experimental ambient', 'fourth world', 'glam rock', 'minimalism', 'singer-songwriter']",ï½”ï½’ï½ï½‰ï½ã€€ï½ï½†ã€€ï½”ï½ˆï½ï½•ï½‡ï½ˆï½”ã€€ã£ã§ã‚«,0.0013483146067415769,0.0,6,-41.808,1,0.03787616741611898,0.9728915246225226,0.9583756345177664,0.10887845364202248,0.05293320829425861,0.08575221238938052,5Q5MFVjUWVNgb7XBerPdbQ,spotify:track:5Q5MFVjUWVNgb7XBerPdbQ,https://api.spotify.com/v1/tracks/5Q5MFVjUWVNgb7XBerPdbQ,https://api.spotify.com/v1/audio-analysis/5Q5MFVjUWVNgb7XBerPdbQ,166560,1,0
1681,1681,Godspeed You! Black Emperor,Like Antennas To Heavenâ€¦,36,"['canadian post-rock', 'double drumming', 'indie rock', 'instrumental post-rock', 'post-rock']",ï½”ï½’ï½ï½‰ï½ã€€ï½ï½†ã€€ï½”ï½ˆï½ï½•ï½‡ï½ˆï½”ã€€ã£ã§ã‚«,0.05168539325842697,0.4315297939295503,10,-13.813,0,0.06848841231407818,0.7620478272421441,0.6781725888324873,0.43322048705908045,0.020944045014066888,0.06957794417971408,31pLszBSGG3ToeXcPIgyXF,spotify:track:31pLszBSGG3ToeXcPIgyXF,https://api.spotify.com/v1/tracks/31pLszBSGG3ToeXcPIgyXF,https://api.spotify.com/v1/audio-analysis/31pLszBSGG3ToeXcPIgyXF,1137587,4,0
1718,1718,Daniel Johnston,Fly Me to the Moon,3,"['alternative rock', 'anti-folk', 'indie rock', 'lo-fi', 'melancholia', 'outsider', 'singer-songwriter']",ğ˜”ğ˜–ğ˜–ğ˜• ğ˜ ğ˜–ğ˜œ ğ˜˜ğ˜œğ˜Œğ˜Œğ˜•!!,0.15393258426966294,0.49852806821642476,11,-11.682,1,0.030266343825665863,0.9979919647868535,0.9695431472081217,0.4572458228677514,0.3581327498176513,0.18051735874744718,0cKRe1jW8hOs24NmVYDpRL,spotify:track:0cKRe1jW8hOs24NmVYDpRL,https://api.spotify.com/v1/tracks/0cKRe1jW8hOs24NmVYDpRL,https://api.spotify.com/v1/audio-analysis/0cKRe1jW8hOs24NmVYDpRL,217013,4,0
1721,1721,Shiro SAGISU,Rei I,42,"['anime score', 'japanese soundtrack']",ï½”ï½’ï½ï½‰ï½ã€€ï½ï½†ã€€ï½”ï½ˆï½ï½•ï½‡ï½ˆï½”ã€€ã£ã§ã‚«,0.4539325842696629,0.10871992691097351,9,-16.318,0,0.009685230024213072,0.9116464506215556,0.6771573604060913,0.08365185104291797,0.04928623528185892,0.11046289993192643,75noxAKSPc5wUqcyj4NILb,spotify:track:75noxAKSPc5wUqcyj4NILb,https://api.spotify.com/v1/tracks/75noxAKSPc5wUqcyj4NILb,https://api.spotify.com/v1/audio-analysis/75noxAKSPc5wUqcyj4NILb,179827,4,0
1722,1722,David Bowie,Sense of Doubt - 2017 Remaster,35,"['art rock', 'classic rock', 'glam rock', 'permanent wave', 'rock']",ï½”ï½’ï½ï½‰ï½ã€€ï½ï½†ã€€ï½”ï½ˆï½ï½•ï½‡ï½ˆï½”ã€€ã£ã§ã‚«,0.03820224719101124,0.30768449903563094,4,-19.137,0,0.03234175025942581,0.5813246580589626,0.9472081218274112,0.13508791088784533,0.018026466604147126,0.20551395507147724,1d89lSLqTpMMpcKBWzVWcm,spotify:track:1d89lSLqTpMMpcKBWzVWcm,https://api.spotify.com/v1/tracks/1d89lSLqTpMMpcKBWzVWcm,https://api.spotify.com/v1/audio-analysis/1d89lSLqTpMMpcKBWzVWcm,239600,5,0
1728,1728,Godspeed You! Black Emperor,East Hastings,41,"['canadian post-rock', 'double drumming', 'indie rock', 'instrumental post-rock', 'post-rock']",ï½”ï½’ï½ï½‰ï½ã€€ï½ï½†ã€€ï½”ï½ˆï½ï½•ï½‡ï½ˆï½”ã€€ã£ã§ã‚«,0.09662921348314607,0.36148614353872704,10,-15.169,0,0.05707367692839848,0.7188750701594953,0.4395939086294416,0.11106257507917439,0.026570803376055017,0.05865214431586119,5jMuXTa5hECm37P7C0mbIB,spotify:track:5jMuXTa5hECm37P7C0mbIB,https://api.spotify.com/v1/tracks/5jMuXTa5hECm37P7C0mbIB,https://api.spotify.com/v1/audio-analysis/5jMuXTa5hECm37P7C0mbIB,1078240,4,0
1741,1741,Lord Folter,Fallus - Instrumental,1,"['german boom bap', 'german hip hop']",ï½”ï½’ï½ï½‰ï½ã€€ï½ï½†ã€€ï½”ï½ˆï½ï½•ï½‡ï½ˆï½”ã€€ã£ã§ã‚«,0.8370786516853934,0.2782458633641255,1,-8.269,1,0.12002767208578347,0.3975894360560614,0.7451776649746192,0.11761493939063011,0.3456288423465666,0.6951531654186522,6jitbXfH2QaxArb3rjqyyr,spotify:track:6jitbXfH2QaxArb3rjqyyr,https://api.spotify.com/v1/tracks/6jitbXfH2QaxArb3rjqyyr,https://api.spotify.com/v1/audio-analysis/6jitbXfH2QaxArb3rjqyyr,182000,4,0
1744,1744,Il Genio,Pop porno,43,"['italian alternative', 'puglia indie']",Eá’ªEá‘•Tá–‡Oá‘Iá‘• á–´á‘Œá‘á–´á—©Iá–‡,0.6292134831460675,0.5604507156633843,4,-6.832,0,0.017122103078519545,0.626505450354758,0.6081218274111675,0.10123402861199082,0.5248515160987808,0.5926412525527569,2CWfkhYbrrwGhuT4ABAjPO,spotify:track:2CWfkhYbrrwGhuT4ABAjPO,https://api.spotify.com/v1/tracks/2CWfkhYbrrwGhuT4ABAjPO,https://api.spotify.com/v1/audio-analysis/2CWfkhYbrrwGhuT4ABAjPO,197213,4,0
1748,1748,Godspeed You! Black Emperor,09-15-00,31,"['canadian post-rock', 'double drumming', 'indie rock', 'instrumental post-rock', 'post-rock']",ï½”ï½’ï½ï½‰ï½ã€€ï½ï½†ã€€ï½”ï½ˆï½ï½•ï½‡ï½ˆï½”ã€€ã£ã§ã‚«,0.20674157303370788,0.43356004466551623,8,-12.902,0,0.04237288135593221,0.4397581755321371,0.9106598984771573,0.048924320192202685,0.03115556944878608,0.34738597685500333,2d1XAtZpNBfzDXI8WqAgRr,spotify:track:2d1XAtZpNBfzDXI8WqAgRr,https://api.spotify.com/v1/tracks/2d1XAtZpNBfzDXI8WqAgRr,https://api.spotify.com/v1/audio-analysis/2d1XAtZpNBfzDXI8WqAgRr,987133,4,0
1754,1754,Baustelle,Alfredo,31,"['italian adult pop', 'italian alternative', 'italian indie pop']",17,0.3977528089887641,0.4924373160085271,10,-7.336,1,0.007436873054306466,0.5491960946486193,0.699492385786802,0.11215463579775034,0.30603313535479837,0.6477399591558883,7vUk6kQCHwyH2gVy3sDpTt,spotify:track:7vUk6kQCHwyH2gVy3sDpTt,https://api.spotify.com/v1/tracks/7vUk6kQCHwyH2gVy3sDpTt,https://api.spotify.com/v1/audio-analysis/7vUk6kQCHwyH2gVy3sDpTt,235364,3,0
1774,1774,David Bowie,Warszawa - 2017 Remaster,41,"['art rock', 'classic rock', 'glam rock', 'permanent wave', 'rock']",ï½”ï½’ï½ï½‰ï½ã€€ï½ï½†ã€€ï½”ï½ˆï½ï½•ï½‡ï½ˆï½”ã€€ã£ã§ã‚«,0.11460674157303372,0.2630189828443813,11,-16.105,1,0.024386025596679357,0.35441667897341245,0.8203045685279188,0.10451021076771869,0.020318849640512657,0.3650374404356705,5DfvrqibQOQLUsN5QKqBJI,spotify:track:5DfvrqibQOQLUsN5QKqBJI,https://api.spotify.com/v1/tracks/5DfvrqibQOQLUsN5QKqBJI,https://api.spotify.com/v1/audio-analysis/5DfvrqibQOQLUsN5QKqBJI,387400,3,0
1782,1782,Godspeed You! Black Emperor,Static,39,"['canadian post-rock', 'double drumming', 'indie rock', 'instrumental post-rock', 'post-rock']",ï½”ï½’ï½ï½‰ï½ã€€ï½ï½†ã€€ï½”ï½ˆï½ï½•ï½‡ï½ˆï½”ã€€ã£ã§ã‚«,0.16292134831460675,0.4152877880418232,8,-12.643,0,0.04963680387409201,0.29517964018559184,0.7766497461928934,0.1776782789123075,0.02083984578514119,0.4498502382573179,1mVrFcCEpYcF6ISXGsyRk5,spotify:track:1mVrFcCEpYcF6ISXGsyRk5,https://api.spotify.com/v1/tracks/1mVrFcCEpYcF6ISXGsyRk5,https://api.spotify.com/v1/audio-analysis/1mVrFcCEpYcF6ISXGsyRk5,1355947,4,0
1807,1807,Virtual Mage,Her,39,"['chillsynth', 'mallsoft']",ï½“ï½ˆï½‰ï½‚ï½•ï½™ï½,0.7730337078651686,0.4822860623286976,3,-17.403,1,0.031995849187132476,0.9748995598356691,0.9319796954314721,0.10123402861199082,0.8426591643221839,0.558645336963921,3EgwBksC7kIeK346S1AUqs,spotify:track:3EgwBksC7kIeK346S1AUqs,https://api.spotify.com/v1/tracks/3EgwBksC7kIeK346S1AUqs,https://api.spotify.com/v1/audio-analysis/3EgwBksC7kIeK346S1AUqs,169697,4,0
1825,1825,Fine Before You Came,Cogoleto,12,"['indie rock italiano', 'italian alternative', 'italian emo', 'italian indie pop', 'italian post-hardcore', 'milan indie']",deal with reality,0.1764044943820225,0.45893817886508986,5,-13.256,1,0.015219647180906251,0.3323282916288014,0.8964467005076142,0.08004805067161735,0.07137647181410857,0.2862355343771273,1oTfqSFQ757MwT1QHNkuZb,spotify:track:1oTfqSFQ757MwT1QHNkuZb,https://api.spotify.com/v1/tracks/1oTfqSFQ757MwT1QHNkuZb,https://api.spotify.com/v1/audio-analysis/1oTfqSFQ757MwT1QHNkuZb,316613,4,0
1833,1833,Explosions In The Sky,What Do You Go Home To?,17,"['american post-rock', 'cinematic post-rock', 'instrumental post-rock', 'melancholia', 'post-rock']",ï½”ï½’ï½ï½‰ï½ã€€ï½ï½†ã€€ï½”ï½ˆï½ï½•ï½‡ï½ˆï½”ã€€ã£ã§ã‚«,0.3359550561797753,0.28433661557202317,7,-12.105,1,0.0062262193012798325,0.9769075950488155,0.949238578680203,0.08922136070765532,0.011774512868604772,0.19108917631041528,65N62eU5pfyyezRnr61820,spotify:track:65N62eU5pfyyezRnr61820,https://api.spotify.com/v1/tracks/65N62eU5pfyyezRnr61820,https://api.spotify.com/v1/audio-analysis/65N62eU5pfyyezRnr61820,299827,3,0
1869,1869,Teen Suicide,salvia plath,42,"['indie pop', 'lo-fi emo', 'lo-fi indie']",mancu i cani,0.4393258426966292,0.5147700741041519,10,-10.006,1,0.41542718782428234,0.7489955983566922,0.8568527918781725,0.10997051436059843,0.6478066062311139,0.26729067392784206,5LMPGqynEzUg7Upn0Fkcxo,spotify:track:5LMPGqynEzUg7Upn0Fkcxo,https://api.spotify.com/v1/tracks/5LMPGqynEzUg7Upn0Fkcxo,https://api.spotify.com/v1/audio-analysis/5LMPGqynEzUg7Upn0Fkcxo,100984,4,0
1905,1905,Beach House,PPP,52,"['baltimore indie', 'dream pop', 'dreamo', 'modern dream pop']",deal with reality,0.47528089887640457,0.46198355496903876,1,-7.686,1,0.007955724662746452,0.36646489025229123,0.8852791878172588,0.04029704051545266,0.13202042304886943,0.31969366916269576,45oBuExKn34tep5nf585jQ,spotify:track:45oBuExKn34tep5nf585jQ,https://api.spotify.com/v1/tracks/45oBuExKn34tep5nf585jQ,https://api.spotify.com/v1/audio-analysis/45oBuExKn34tep5nf585jQ,368547,3,0
1937,1937,Godspeed You! Black Emperor,The Dead Flag Blues,44,"['canadian post-rock', 'double drumming', 'indie rock', 'instrumental post-rock', 'post-rock']",ï½”ï½’ï½ï½‰ï½ã€€ï½ï½†ã€€ï½”ï½ˆï½ï½•ï½‡ï½ˆï½”ã€€ã£ã§ã‚«,0.19887640449438204,0.18282407877372858,10,-18.237,0,0.02594258042199931,0.7459835455369724,0.7888324873096446,0.08670962105493066,0.017401271230592888,0.3150306330837304,0YzMEu5sGNX0JKr9mdBtzd,spotify:track:0YzMEu5sGNX0JKr9mdBtzd,https://api.spotify.com/v1/tracks/0YzMEu5sGNX0JKr9mdBtzd,https://api.spotify.com/v1/audio-analysis/0YzMEu5sGNX0JKr9mdBtzd,987960,4,0
1940,1940,Jaco Pastorius,Portrait of Tracy,48,"['electric bass', 'jazz', 'jazz funk', 'jazz fusion']",ï½ï½ï½ï½„ï½™ ï½…ï½ï½’ï½‡ï½ï½“ï½,0.19325842696629214,0.04233072784488885,0,-28.218,1,0.04790729851262538,0.9779116126553888,0.9624365482233501,0.09358960358195914,0.10076065437115765,0.06880190605854325,5NBAy2oiS9OIWyAZhklsH2,spotify:track:5NBAy2oiS9OIWyAZhklsH2,https://api.spotify.com/v1/tracks/5NBAy2oiS9OIWyAZhklsH2,https://api.spotify.com/v1/audio-analysis/5NBAy2oiS9OIWyAZhklsH2,142467,3,0
1969,1969,American Football,For Sure,42,"['alternative emo', 'emo', 'math rock', 'midwest emo']",ï½”ï½’ï½ï½‰ï½ã€€ï½ï½†ã€€ï½”ï½ˆï½ï½•ï½‡ï½ˆï½”ã€€ã£ã§ã‚«,0.551685393258427,0.46198355496903876,5,-11.143,1,0.005707367692839846,0.5020072671396774,0.8162436548223351,0.08266899639619962,0.0736688548504741,0.16268209666439754,721nLRpzkwSmuVzbNeRxx6,spotify:track:721nLRpzkwSmuVzbNeRxx6,https://api.spotify.com/v1/tracks/721nLRpzkwSmuVzbNeRxx6,https://api.spotify.com/v1/audio-analysis/721nLRpzkwSmuVzbNeRxx6,196120,4,0
1984,1984,Khruangbin,CÃ³mo Te Quiero,45,['neo-psychedelic'],ã€ï»¿ï½ï½…ï½Œï½ï½ï½ƒï½ˆï½ï½Œï½‰ï½ã€‘,0.6089887640449438,0.269109735052279,7,-11.917,1,0.0076098235904531256,0.6244974151416115,0.9096446700507613,0.5216774052637327,0.4352401792226737,0.46682777399591563,3v9g8iM3v5irWQHqFWaDSo,spotify:track:3v9g8iM3v5irWQHqFWaDSo,https://api.spotify.com/v1/tracks/3v9g8iM3v5irWQHqFWaDSo,https://api.spotify.com/v1/audio-analysis/3v9g8iM3v5irWQHqFWaDSo,242536,4,0
1988,1988,Explosions In The Sky,Six Days at the Bottom of the Ocean,29,"['american post-rock', 'cinematic post-rock', 'instrumental post-rock', 'melancholia', 'post-rock']",ï½”ï½’ï½ï½‰ï½ã€€ï½ï½†ã€€ï½”ï½ˆï½ï½•ï½‡ï½ˆï½”ã€€ã£ã§ã‚«,0.19662921348314605,0.381788650898386,2,-16.543,0,0.01919750951227949,0.3714849782851574,0.8913705583756345,0.15583706454078847,0.055017192872772736,0.3456160653505786,67Rj97HFETwNk5pvb6p4pI,spotify:track:67Rj97HFETwNk5pvb6p4pI,https://api.spotify.com/v1/tracks/67Rj97HFETwNk5pvb6p4pI,https://api.spotify.com/v1/audio-analysis/67Rj97HFETwNk5pvb6p4pI,523040,3,0
